total_tasks,avg_progress,avg_estimated_hours,total_estimated_hours,avg_hours_logged,total_hours_logged,hours_efficiency,project_duration_days,completed_task_count,in_progress_task_count,on_hold_task_count,not_started_task_count,cancelled_task_count,avg_allocation_score,avg_workload,avg_experience,avg_performance,avg_task_duration_days,risk_level,status
12,12.83,11.34,149.65,8.66,103.96,0.69,90,2,3,4,3,0,0.60,96.78,2.12,3.88,7.50,High,Delayed
11,10.00,31.82,338.20,29.12,320.27,0.95,55,1,2,1,6,1,0.62,73.43,9.28,3.52,5.00,Low,Planning
6,27.45,22.47,123.81,17.55,105.30,0.85,100,1,0,4,1,0,0.67,64.14,1.30,3.47,16.67,Critical,On Hold
11,47.56,13.70,169.11,9.03,99.36,0.59,130,4,5,0,2,0,0.80,72.55,6.36,3.10,11.82,Low,In Progress
7,93.22,14.10,80.18,14.69,102.82,1.28,69,4,1,1,1,0,0.77,67.85,5.75,4.53,9.86,Low,Completed
10,90.72,32.10,311.93,37.54,375.37,1.20,63,7,0,1,1,1,0.71,53.90,7.44,4.66,6.30,Low,Completed
11,92.79,11.33,136.64,10.81,118.86,0.87,62,7,1,1,1,1,0.88,70.13,9.90,4.60,5.64,Medium,Completed
8,6.28,21.00,161.00,13.33,106.66,0.66,103,1,1,0,5,1,0.56,60.66,2.63,3.87,12.88,Low,Planning
7,55.89,34.16,232.78,24.04,168.28,0.72,46,3,3,0,1,0,0.51,80.77,4.11,4.16,6.57,Medium,In Progress
9,46.84,32.44,277.52,30.73,276.56,1.00,108,1,1,4,2,1,0.74,70.63,1.20,3.40,12.00,Critical,On Hold
9,96.52,24.82,210.27,24.37,219.31,1.04,40,6,1,1,1,0,0.83,70.38,5.48,4.07,4.44,Low,Completed
10,14.50,16.44,155.04,14.68,146.77,0.95,41,1,2,1,5,1,0.65,74.33,8.54,3.61,4.10,Medium,Planning
6,22.05,38.68,219.43,24.60,147.62,0.67,75,1,0,3,2,0,0.75,70.93,9.24,4.08,12.50,Critical,On Hold
10,92.56,37.98,389.09,36.63,366.30,0.94,65,6,1,1,1,1,0.74,71.04,8.62,4.96,6.50,Low,Completed
5,91.94,23.18,109.65,23.30,116.51,1.06,30,4,1,0,0,0,0.87,60.87,3.22,4.82,6.00,Medium,Completed
8,86.92,11.30,82.98,12.91,103.25,1.24,78,4,1,1,1,1,0.94,61.15,2.67,4.54,9.75,Medium,Completed
12,10.99,36.91,448.76,25.00,299.96,0.67,115,2,2,5,2,1,0.51,98.50,2.63,3.35,9.58,Medium,Delayed
10,58.65,38.22,381.13,36.11,361.08,0.95,83,3,4,2,1,0,0.66,76.11,6.85,3.55,8.30,High,In Progress
7,54.46,30.28,205.56,26.95,188.63,0.92,83,2,3,1,1,0,0.66,79.77,3.87,3.94,11.86,Low,In Progress
14,10.24,24.93,366.53,17.93,251.08,0.69,128,2,3,5,3,1,0.32,81.77,1.34,3.22,9.14,Critical,Delayed
14,52.01,22.95,313.24,21.60,302.44,0.97,62,4,6,2,2,0,0.51,60.45,9.89,3.64,4.43,Medium,In Progress
12,97.31,33.54,392.79,36.10,433.24,1.10,68,8,1,1,1,1,0.94,61.69,6.52,4.17,5.67,High,Completed
12,30.66,15.38,171.64,7.51,90.11,0.52,92,2,2,5,2,1,0.54,92.60,2.95,3.28,7.67,Critical,Delayed
5,13.85,16.33,82.25,9.74,48.69,0.59,106,0,1,2,1,1,0.54,84.49,3.01,3.31,21.20,Critical,Delayed
10,70.86,16.73,166.41,10.34,103.38,0.62,142,3,4,2,1,0,0.74,76.38,5.96,3.13,14.20,High,In Progress
10,49.74,10.59,94.74,9.25,92.51,0.98,118,1,2,4,2,1,0.52,82.07,5.64,4.36,11.80,Critical,On Hold
12,97.14,24.68,310.89,24.03,288.34,0.93,88,8,1,1,1,1,0.88,70.93,7.28,4.68,7.33,Medium,Completed
11,69.60,35.90,376.06,33.40,367.38,0.98,54,4,3,2,2,0,0.57,82.72,1.01,3.83,4.91,Low,In Progress
12,69.56,28.22,329.01,24.09,289.04,0.88,132,4,5,1,1,1,0.54,67.08,1.17,3.65,11.00,Low,In Progress
8,98.26,11.28,107.73,12.48,99.84,0.93,79,5,1,1,1,0,0.74,69.27,7.38,4.47,9.88,Low,Completed
13,54.71,27.02,346.61,16.92,219.98,0.63,77,3,5,2,2,1,0.65,79.26,7.15,3.67,5.92,Medium,In Progress
9,96.76,13.24,130.92,14.67,132.00,1.01,81,7,0,1,1,0,0.89,55.75,2.18,4.87,9.00,High,Completed
12,89.49,20.72,239.64,24.77,297.22,1.24,30,8,1,1,1,1,0.88,68.65,2.80,4.87,2.50,Medium,Completed
6,7.30,38.98,221.31,36.93,221.60,1.00,82,0,0,1,5,0,0.64,73.26,1.16,4.20,13.67,Low,Planning
12,11.45,23.41,265.60,15.22,182.61,0.69,113,1,2,1,7,1,0.56,72.29,1.58,3.87,9.42,Low,Planning
12,39.71,20.56,245.92,17.27,207.24,0.84,81,3,0,6,2,1,0.73,83.82,9.17,4.09,6.75,Critical,On Hold
13,33.53,27.78,369.25,17.33,225.31,0.61,121,2,2,5,3,1,0.32,90.68,8.94,2.62,9.31,High,Delayed
6,85.58,26.16,164.55,29.83,178.97,1.09,63,4,1,1,0,0,0.87,73.79,2.12,4.90,10.50,Low,Completed
13,36.59,18.86,257.80,11.92,154.98,0.60,133,2,2,6,2,1,0.68,79.60,5.33,3.06,10.23,High,On Hold
7,74.28,15.91,97.73,15.09,105.64,1.08,63,2,3,0,2,0,0.60,64.55,8.11,3.99,9.00,High,In Progress
6,86.14,15.31,111.72,18.26,109.54,0.98,32,4,1,0,1,0,0.80,55.51,4.77,4.20,5.33,Medium,Completed
6,63.86,35.78,223.80,32.10,192.61,0.86,64,2,3,0,1,0,0.72,79.19,5.54,3.81,10.67,High,In Progress
5,97.61,8.94,40.52,9.67,48.36,1.19,44,4,0,0,1,0,0.81,56.92,6.33,4.91,8.80,Low,Completed
6,14.49,15.55,104.31,11.85,71.08,0.68,116,0,0,1,4,1,0.61,72.82,4.72,3.10,19.33,Low,Planning
10,34.24,19.50,198.67,9.07,90.73,0.46,178,0,2,4,3,1,0.38,93.13,3.93,3.66,17.80,Critical,Delayed
12,52.46,22.36,275.11,14.72,176.64,0.64,49,2,6,2,2,0,0.69,77.67,2.50,3.25,4.08,Medium,In Progress
9,15.15,30.57,273.01,22.80,205.18,0.75,95,2,2,2,2,1,0.33,85.39,1.51,3.30,10.56,Medium,Delayed
6,48.10,11.91,69.53,11.59,69.56,1.00,113,2,3,0,1,0,0.68,77.21,4.58,3.72,18.83,High,In Progress
7,59.67,28.45,213.88,22.25,155.72,0.73,87,3,3,0,1,0,0.70,63.49,1.27,3.46,12.43,Low,In Progress
6,91.21,13.20,66.71,14.77,88.62,1.30,58,4,0,1,1,0,0.92,54.43,7.23,4.84,9.67,High,Completed
6,18.96,34.59,222.11,31.39,188.31,0.85,120,1,1,0,4,0,0.71,76.91,2.94,3.99,20.00,Low,Planning
9,49.80,39.98,341.76,39.62,356.55,1.04,90,2,2,3,2,0,0.73,62.26,3.60,3.16,10.00,Critical,On Hold
10,9.45,33.53,332.72,31.09,310.87,0.93,117,1,2,1,6,0,0.69,68.21,6.67,3.91,11.70,Medium,Planning
7,13.81,27.09,191.44,21.07,147.47,0.77,119,1,0,0,5,1,0.55,76.06,7.83,3.75,17.00,Medium,Planning
13,56.83,20.76,273.12,16.89,219.56,0.80,59,4,6,1,2,0,0.66,78.67,7.44,3.78,4.54,Low,In Progress
11,7.49,9.93,126.59,7.35,80.89,0.64,63,1,2,1,6,1,0.69,73.08,7.03,4.39,5.73,Medium,Planning
12,87.54,20.80,268.63,23.85,286.24,1.07,59,8,1,1,1,1,0.87,54.54,5.73,4.71,4.92,Low,Completed
6,92.70,37.37,221.19,34.61,207.64,0.94,83,4,1,0,0,1,0.71,65.83,9.56,4.60,13.83,Medium,Completed
10,89.95,13.59,130.36,15.93,159.28,1.22,53,6,1,1,1,1,0.76,69.51,3.47,4.82,5.30,Low,Completed
14,15.42,12.90,169.95,9.64,134.99,0.79,122,2,3,5,3,1,0.33,80.47,6.78,3.41,8.71,Critical,Delayed
14,28.11,12.37,180.93,6.95,97.25,0.54,128,2,3,5,3,1,0.30,86.82,8.37,3.40,9.14,Critical,Delayed
11,25.43,14.14,148.47,6.94,76.32,0.51,130,2,2,3,3,1,0.43,96.64,7.03,2.60,11.82,Critical,Delayed
12,49.86,29.42,372.85,25.44,305.32,0.82,130,2,2,5,2,1,0.63,68.34,6.22,3.13,10.83,Medium,On Hold
13,33.18,11.83,172.82,4.83,62.77,0.36,173,2,3,4,3,1,0.46,96.84,5.69,3.44,13.31,Critical,Delayed
11,19.52,9.16,92.85,4.63,50.89,0.55,155,2,3,2,3,1,0.40,84.78,5.59,3.74,14.09,Critical,Delayed
15,48.49,39.75,610.29,27.16,407.47,0.67,93,4,6,2,2,1,0.75,69.52,8.90,4.30,6.20,Low,In Progress
12,93.97,12.92,144.00,15.34,184.08,1.28,47,8,1,1,1,1,0.91,53.31,8.76,4.92,3.92,Low,Completed
10,20.77,34.41,350.72,22.32,223.20,0.64,70,2,0,5,2,1,0.54,84.08,5.95,4.45,7.00,Critical,On Hold
9,87.13,8.01,52.80,8.66,77.92,1.30,52,5,1,1,1,1,0.72,69.52,5.14,4.06,5.78,High,Completed
12,14.50,17.70,196.50,15.52,186.30,0.95,33,1,2,1,7,1,0.57,65.82,2.99,3.26,2.75,Medium,Planning
10,44.83,28.93,283.47,23.44,234.39,0.83,135,1,2,4,2,1,0.72,79.23,1.10,3.62,13.50,Critical,On Hold
10,88.38,14.07,145.46,14.03,140.29,0.96,55,6,1,1,1,1,0.94,70.04,9.64,4.49,5.50,Low,Completed
8,95.32,12.78,87.29,14.81,118.50,1.30,77,5,0,1,1,1,0.82,59.40,4.55,4.46,9.62,Medium,Completed
5,44.27,38.57,204.33,28.01,140.04,0.69,50,1,0,3,1,0,0.52,66.98,9.37,3.38,10.00,Critical,On Hold
11,33.30,24.59,256.49,22.01,242.07,0.94,114,3,1,4,2,1,0.51,60.95,7.72,3.99,10.36,Medium,On Hold
7,30.49,24.27,165.43,19.05,133.35,0.81,149,2,0,3,1,1,0.73,76.53,2.67,3.26,21.29,High,On Hold
10,20.31,32.62,331.14,24.55,245.52,0.74,99,2,1,4,2,1,0.58,66.52,1.62,4.44,9.90,Critical,On Hold
11,96.36,11.65,127.55,13.70,150.67,1.18,45,7,1,1,1,1,0.86,53.20,4.04,4.93,4.09,Low,Completed
13,17.15,11.89,142.44,8.97,116.65,0.82,110,1,3,5,3,1,0.54,97.23,8.62,3.88,8.46,Critical,Delayed
9,95.54,25.85,219.87,23.68,213.14,0.97,51,5,1,1,1,1,0.77,63.49,7.55,4.11,5.67,Medium,Completed
8,16.37,24.19,207.13,21.60,172.82,0.83,72,0,1,1,6,0,0.72,75.30,1.95,3.23,9.00,Low,Planning
14,64.73,39.74,540.30,30.22,423.14,0.78,150,4,6,1,2,1,0.59,78.56,8.34,3.92,10.71,High,In Progress
13,18.17,31.86,402.32,24.96,324.43,0.81,109,1,3,5,3,1,0.34,86.11,8.89,3.99,8.38,Critical,Delayed
9,94.74,14.95,120.07,16.43,147.87,1.23,83,5,1,1,1,1,0.70,65.49,4.20,4.79,9.22,Low,Completed
11,24.98,25.97,288.07,16.66,183.21,0.64,123,1,3,3,3,1,0.48,80.46,3.90,3.45,11.18,Critical,Delayed
12,28.39,24.55,292.24,11.27,135.23,0.46,144,1,3,4,3,1,0.37,87.43,1.56,3.70,12.00,High,Delayed
13,49.73,28.36,380.08,18.36,238.64,0.63,119,3,2,5,2,1,0.72,78.50,9.55,3.30,9.15,Critical,On Hold
15,52.78,16.74,251.80,12.04,180.65,0.72,63,4,6,2,2,1,0.63,81.82,8.58,3.28,4.20,Low,In Progress
9,8.38,21.98,206.99,19.92,179.26,0.87,83,0,2,0,7,0,0.54,69.97,9.30,3.71,9.22,Low,Planning
13,57.87,37.00,470.98,26.22,340.92,0.72,98,4,6,0,2,1,0.75,66.70,2.41,4.28,7.54,Medium,In Progress
6,86.21,12.46,76.03,12.75,76.48,1.01,36,4,1,0,1,0,0.76,68.31,5.93,4.13,6.00,Medium,Completed
9,41.75,31.39,301.73,22.05,198.47,0.66,52,1,2,4,1,1,0.56,68.46,3.78,4.42,5.78,Medium,On Hold
13,26.82,35.22,460.31,28.51,370.57,0.81,110,3,2,5,2,1,0.62,73.56,8.13,3.82,8.46,Critical,On Hold
11,70.86,38.26,434.88,33.20,365.16,0.84,142,4,5,0,1,1,0.64,78.73,3.62,4.18,12.91,Medium,In Progress
14,39.79,32.22,451.80,21.97,307.58,0.68,134,3,2,6,2,1,0.55,66.39,9.52,3.84,9.57,Critical,On Hold
6,53.47,8.87,35.82,6.97,41.81,1.17,116,2,3,0,1,0,0.62,79.96,4.35,3.68,19.33,Medium,In Progress
8,67.72,14.26,101.54,9.09,72.74,0.72,136,2,3,1,1,1,0.58,67.81,6.78,3.29,17.00,Low,In Progress
6,19.08,30.27,193.34,15.94,95.66,0.49,92,0,2,2,2,0,0.57,83.38,5.56,3.40,15.33,Critical,Delayed
12,96.25,33.55,421.37,38.83,465.90,1.11,38,8,1,1,1,1,0.83,74.18,4.76,4.98,3.17,Medium,Completed
9,86.30,21.68,181.61,19.59,176.34,0.97,54,5,1,1,1,1,0.71,70.57,2.89,4.38,6.00,High,Completed
8,97.62,25.31,210.85,25.16,201.29,0.95,40,5,1,0,1,1,0.86,57.85,3.29,4.82,5.00,Medium,Completed
15,63.41,12.54,182.06,9.79,146.78,0.81,102,4,6,2,2,1,0.63,74.43,7.64,4.21,6.80,Low,In Progress
7,27.04,29.64,200.47,19.99,139.94,0.70,117,1,1,2,2,1,0.35,93.11,9.93,2.61,16.71,Critical,Delayed
8,67.89,24.40,187.45,16.72,133.75,0.71,143,2,4,0,2,0,0.62,78.98,9.13,3.35,17.88,Low,In Progress
6,11.91,35.98,195.86,24.02,144.11,0.74,75,1,0,1,4,0,0.76,73.67,4.42,4.47,12.50,Low,Planning
8,96.56,16.96,150.02,16.75,134.02,0.89,80,6,1,1,0,0,0.87,70.99,9.84,4.62,10.00,Low,Completed
11,10.31,11.85,113.06,5.99,65.86,0.58,98,1,3,3,3,1,0.44,86.03,6.39,2.95,8.91,Critical,Delayed
13,45.14,36.55,462.61,23.09,300.13,0.65,142,3,1,6,2,1,0.59,70.73,3.41,4.18,10.92,Critical,On Hold
9,97.16,11.68,88.85,13.70,123.27,1.30,33,5,1,1,1,1,0.72,73.90,1.23,4.69,3.67,Low,Completed
10,91.23,36.56,363.34,39.56,395.63,1.09,80,7,1,0,1,1,0.90,65.99,7.09,4.13,8.00,Low,Completed
7,11.77,23.13,181.28,11.74,82.19,0.45,127,0,3,2,2,0,0.38,87.24,5.25,2.57,18.14,Critical,Delayed
8,88.93,23.14,189.98,24.08,192.65,1.01,77,7,1,0,0,0,0.75,62.91,1.05,4.01,9.62,Low,Completed
8,18.98,33.68,272.34,27.12,216.93,0.80,83,1,0,1,5,1,0.62,62.18,6.55,3.17,10.38,Low,Planning
11,32.65,22.42,263.79,14.93,164.26,0.62,89,2,1,5,2,1,0.62,82.69,7.43,3.91,8.09,High,On Hold
15,65.60,30.96,477.62,19.08,286.20,0.60,128,4,6,2,2,1,0.53,69.60,5.11,3.55,8.53,Medium,In Progress
12,10.43,19.35,249.90,16.79,201.44,0.81,103,1,2,1,7,1,0.68,60.25,6.72,4.37,8.58,Medium,Planning
7,49.74,11.86,99.10,7.43,52.01,0.52,65,1,1,3,2,0,0.75,77.37,5.79,3.67,9.29,High,On Hold
11,94.69,22.93,264.91,21.10,232.12,0.88,50,8,1,1,0,1,0.81,66.82,3.48,4.31,4.55,Medium,Completed
6,13.73,35.44,229.32,27.38,164.25,0.72,104,0,0,1,5,0,0.61,75.03,7.35,4.03,17.33,Low,Planning
13,64.37,32.38,438.82,23.83,309.78,0.71,118,4,4,2,2,1,0.69,68.52,1.65,3.61,9.08,Medium,In Progress
10,20.83,11.37,100.38,11.24,112.41,1.12,79,2,2,3,2,1,0.65,84.10,4.46,3.06,7.90,High,On Hold
7,19.34,22.67,150.28,21.77,152.37,1.01,66,1,1,1,4,0,0.59,82.21,6.43,4.24,9.43,High,Planning
8,23.54,32.75,281.23,19.36,154.90,0.55,102,1,1,2,3,1,0.53,96.67,4.96,2.95,12.75,Critical,Delayed
7,92.63,18.96,123.52,22.56,157.91,1.28,68,6,1,0,0,0,0.74,64.57,10.00,4.15,9.71,Medium,Completed
8,91.46,36.17,294.30,38.73,309.85,1.05,87,6,0,1,1,0,0.88,53.70,8.67,4.71,10.88,High,Completed
9,29.86,9.22,92.77,5.71,51.40,0.55,94,0,2,4,2,1,0.38,97.54,9.50,2.72,10.44,Critical,Delayed
8,35.34,24.72,200.25,19.19,153.55,0.77,76,1,2,3,2,0,0.65,74.43,8.79,4.47,9.50,Critical,On Hold
7,14.60,14.42,85.28,13.57,95.01,1.11,110,0,0,1,5,1,0.59,66.01,3.81,3.38,15.71,Low,Planning
11,94.70,32.40,373.60,29.46,324.06,0.87,32,7,1,1,1,1,0.73,57.48,4.23,4.80,2.91,Low,Completed
13,70.02,10.87,121.45,6.72,87.31,0.72,80,4,5,2,1,1,0.72,63.57,7.78,4.15,6.15,High,In Progress
5,11.94,30.40,136.18,17.01,85.07,0.62,123,0,1,2,2,0,0.42,88.14,1.59,3.02,24.60,Critical,Delayed
8,86.08,8.19,49.60,9.51,76.09,1.30,31,5,1,0,1,1,0.83,69.86,7.36,4.05,3.88,Low,Completed
9,89.50,17.36,142.34,17.01,153.10,1.08,83,5,1,1,1,1,0.82,55.65,6.76,4.98,9.22,Medium,Completed
9,30.54,36.44,328.06,21.12,190.12,0.58,99,2,1,4,2,0,0.47,92.74,5.74,3.19,11.00,Critical,Delayed
9,9.07,20.85,173.96,19.86,178.76,1.03,104,0,1,1,6,1,0.62,62.57,2.70,4.17,11.56,Medium,Planning
10,24.12,10.65,123.70,7.78,77.80,0.63,108,2,3,4,1,0,0.56,91.44,9.16,3.91,10.80,Critical,Delayed
11,66.12,9.35,105.47,9.09,100.01,0.95,133,4,3,2,2,0,0.50,64.17,7.42,4.00,12.09,Critical,In Progress
5,43.45,29.64,165.94,20.97,104.85,0.63,133,1,0,3,1,0,0.69,61.20,4.24,4.44,26.60,Critical,On Hold
13,19.28,21.33,290.15,15.79,205.22,0.71,105,2,3,5,3,0,0.56,94.61,6.83,3.69,8.08,High,Delayed
6,14.67,37.79,211.74,33.81,202.87,0.96,99,1,0,0,4,1,0.62,77.83,2.79,4.34,16.50,Low,Planning
7,15.32,11.57,81.61,8.18,57.25,0.70,82,1,1,0,4,1,0.57,82.78,8.54,4.06,11.71,High,Planning
7,34.09,36.99,249.63,25.52,178.67,0.72,114,2,1,3,1,0,0.46,93.55,3.81,3.66,16.29,High,Delayed
13,58.07,32.65,436.67,21.16,275.04,0.63,50,3,6,1,2,1,0.60,68.55,7.65,3.33,3.85,High,In Progress
9,29.51,29.62,268.45,21.68,195.10,0.73,176,0,1,4,3,1,0.44,87.96,3.73,2.60,19.56,Critical,Delayed
6,33.94,23.15,121.28,15.48,92.87,0.77,93,0,2,2,2,0,0.58,95.70,9.92,3.32,15.50,Medium,Delayed
8,89.41,14.27,99.77,15.50,124.03,1.24,39,6,1,1,0,0,0.77,74.54,5.75,4.91,4.88,Low,Completed
6,61.16,19.05,130.98,13.64,81.85,0.62,104,2,3,0,1,0,0.52,77.25,7.21,4.40,17.33,High,In Progress
14,67.83,29.75,399.52,21.12,295.64,0.74,130,4,5,2,2,1,0.66,64.51,5.13,3.84,9.29,Low,In Progress
12,87.76,24.87,294.13,27.30,327.63,1.11,70,8,1,1,1,1,0.94,74.87,7.41,4.98,5.83,Low,Completed
9,34.00,8.45,89.26,5.86,52.72,0.59,106,1,3,4,1,0,0.46,99.55,7.82,2.74,11.78,Critical,Delayed
8,14.05,13.21,108.25,12.00,96.00,0.89,115,1,1,0,6,0,0.75,79.61,4.39,3.83,14.38,High,Planning
9,91.73,33.86,294.94,32.98,296.78,1.01,58,5,1,1,1,1,0.87,52.96,3.60,4.40,6.44,High,Completed
7,97.86,23.41,169.28,21.71,151.94,0.90,59,6,0,0,0,1,0.94,64.43,4.21,4.79,8.43,Low,Completed
9,48.05,29.01,250.73,19.63,176.68,0.70,64,2,4,1,1,1,0.65,65.52,1.35,3.05,7.11,Medium,In Progress
6,11.41,38.41,233.75,29.76,178.55,0.76,80,1,0,0,4,1,0.60,80.99,2.29,3.65,13.33,High,Planning
6,87.87,32.42,207.44,37.82,226.94,1.09,79,5,0,0,0,1,0.85,54.65,3.98,4.86,13.17,Low,Completed
14,66.80,21.10,307.85,19.72,276.02,0.90,105,4,5,2,2,1,0.73,68.82,8.42,3.77,7.50,High,In Progress
9,35.68,20.54,186.71,16.69,150.24,0.80,109,3,0,4,2,0,0.52,84.33,3.04,3.46,12.11,High,On Hold
7,95.39,14.12,91.21,15.80,110.62,1.21,65,4,1,1,0,1,0.91,60.57,3.73,4.33,9.29,Medium,Completed
7,31.80,39.99,276.13,27.52,192.62,0.70,71,2,0,4,1,0,0.68,76.53,1.71,3.82,10.14,Critical,On Hold
6,33.73,38.47,212.52,19.47,116.83,0.55,157,2,1,2,1,0,0.49,82.60,6.04,3.67,26.17,High,Delayed
8,47.95,37.85,315.93,33.27,266.15,0.84,140,3,3,0,2,0,0.74,63.05,2.13,4.28,17.50,Medium,In Progress
7,74.36,9.66,53.31,6.62,46.35,0.87,128,2,3,1,1,0,0.76,77.53,7.54,3.84,18.29,Critical,In Progress
6,67.03,17.98,107.20,14.43,86.61,0.81,140,2,3,0,1,0,0.62,60.63,8.55,3.02,23.33,Low,In Progress
10,92.07,30.60,307.35,32.50,325.02,1.06,82,7,1,0,1,1,0.88,71.57,2.61,4.80,8.20,Low,Completed
14,45.52,24.05,319.51,17.44,244.14,0.76,116,3,2,6,2,1,0.79,75.70,3.23,3.24,8.29,High,On Hold
9,11.71,37.92,338.50,28.49,256.37,0.76,158,1,1,4,2,1,0.54,85.72,4.89,3.53,17.56,Critical,Delayed
6,95.93,28.54,178.07,31.09,186.57,1.05,43,5,0,0,1,0,0.90,65.03,9.91,4.33,7.17,High,Completed
5,98.59,8.37,39.84,9.98,49.92,1.25,31,5,0,0,0,0,0.73,60.09,7.64,4.70,6.20,Low,Completed
6,67.20,20.72,114.91,14.14,84.82,0.74,133,2,3,0,1,0,0.69,73.74,7.21,3.22,22.17,High,In Progress
11,64.25,27.17,303.81,23.35,256.84,0.85,74,3,4,1,2,1,0.71,69.33,6.07,3.68,6.73,High,In Progress
10,87.17,8.06,67.61,7.54,75.41,1.12,54,6,1,1,1,1,0.94,68.41,8.95,4.20,5.40,Low,Completed
7,52.59,9.62,72.41,7.25,50.77,0.70,51,3,3,0,1,0,0.64,83.94,4.59,4.26,7.29,Medium,In Progress
12,91.08,18.47,237.19,17.09,205.03,0.86,54,8,1,1,1,1,0.76,60.86,7.51,4.01,4.50,Low,Completed
6,64.62,25.50,159.83,22.45,134.69,0.84,84,2,3,0,1,0,0.75,61.25,9.20,3.04,14.00,Medium,In Progress
10,94.42,19.36,190.55,18.67,186.70,0.98,62,6,1,1,1,1,0.72,73.79,8.55,4.81,6.20,Medium,Completed
12,28.07,21.68,248.41,19.94,239.32,0.96,88,2,2,6,2,0,0.61,82.38,7.00,4.18,7.33,Critical,On Hold
14,24.97,10.05,153.66,5.19,72.72,0.47,100,2,3,5,3,1,0.36,91.80,4.67,3.20,7.14,Critical,Delayed
5,6.68,21.11,111.75,14.86,74.32,0.66,67,0,0,1,4,0,0.65,79.66,9.48,4.12,13.40,Medium,Planning
11,92.75,17.25,182.19,16.82,185.05,1.02,85,7,1,1,1,1,0.76,68.56,1.69,4.87,7.73,Medium,Completed
11,11.94,38.12,434.33,16.81,184.91,0.43,98,1,3,4,2,1,0.55,86.98,5.69,3.69,8.91,High,Delayed
8,95.11,27.54,206.71,30.35,242.79,1.17,42,5,1,1,0,1,0.80,62.23,4.87,4.74,5.25,Medium,Completed
9,14.52,21.25,200.59,20.25,182.24,0.91,39,1,2,1,5,0,0.67,62.96,2.91,3.47,4.33,Low,Planning
10,15.45,21.27,222.87,20.18,201.78,0.91,96,1,2,1,5,1,0.71,64.29,5.50,3.62,9.60,High,Planning
6,18.43,38.24,237.33,22.88,137.28,0.58,150,0,1,2,2,1,0.34,93.84,2.86,3.09,25.00,High,Delayed
12,71.57,33.37,383.18,26.35,316.21,0.83,123,4,5,1,1,1,0.57,77.87,8.93,4.10,10.25,High,In Progress
12,44.62,18.68,235.78,14.58,174.92,0.74,132,3,1,5,2,1,0.62,72.11,1.12,3.61,11.00,Critical,On Hold
7,56.68,16.99,107.24,10.48,73.35,0.68,50,2,3,1,1,0,0.66,84.20,1.60,3.97,7.14,Medium,In Progress
7,54.63,33.72,233.39,33.68,235.79,1.01,150,2,3,0,1,1,0.57,68.76,4.35,3.10,21.43,Medium,In Progress
7,96.64,29.02,211.46,26.19,183.31,0.87,72,4,0,1,1,1,0.91,59.33,6.69,4.10,10.29,Low,Completed
12,95.62,33.02,406.34,37.68,452.11,1.11,87,8,1,1,1,1,0.70,55.18,7.42,4.39,7.25,Medium,Completed
10,16.37,21.86,229.58,20.57,205.72,0.90,115,1,1,0,7,1,0.59,70.37,7.41,3.58,11.50,Medium,Planning
13,10.74,31.86,416.55,26.57,345.42,0.83,79,1,2,1,8,1,0.75,76.49,8.17,3.41,6.08,Medium,Planning
8,64.64,18.38,137.86,12.43,99.48,0.72,57,2,3,1,1,1,0.75,61.58,7.99,4.23,7.12,High,In Progress
11,30.61,16.31,160.72,12.26,134.83,0.84,124,2,3,2,3,1,0.49,97.16,8.05,3.14,11.27,Critical,Delayed
12,34.97,34.01,416.36,26.76,321.12,0.77,116,1,3,4,3,1,0.40,94.96,8.26,3.79,9.67,Medium,Delayed
7,36.99,12.16,66.04,9.05,63.36,0.96,103,2,0,3,1,1,0.59,76.36,3.09,3.02,14.71,Critical,On Hold
6,13.45,17.89,92.63,14.39,86.36,0.93,87,1,0,0,4,1,0.69,81.61,6.28,3.87,14.50,High,Planning
7,18.92,12.43,90.16,10.29,72.03,0.80,116,0,2,1,4,0,0.78,68.55,5.75,3.32,16.57,High,Planning
6,21.60,35.55,211.77,34.70,208.20,0.98,63,1,0,3,2,0,0.64,76.87,7.10,3.56,10.50,Medium,On Hold
10,49.69,28.62,305.13,17.97,179.69,0.59,66,4,3,1,2,0,0.69,74.98,2.61,4.06,6.60,High,In Progress
11,91.35,8.61,105.90,9.33,102.59,0.97,72,7,1,1,1,1,0.81,67.14,9.19,4.64,6.55,High,Completed
9,89.97,28.56,240.20,32.05,288.47,1.20,73,6,1,1,0,1,0.71,50.79,4.81,4.08,8.11,Medium,Completed
8,9.30,39.24,321.24,29.44,235.48,0.73,116,1,0,1,5,1,0.74,84.93,1.27,4.35,14.50,Medium,Planning
12,73.14,21.93,259.03,19.03,228.38,0.88,86,3,5,1,2,1,0.53,69.64,1.64,3.32,7.17,Medium,In Progress
8,98.55,13.36,92.77,15.92,127.39,1.30,86,4,1,1,1,1,0.81,56.96,8.18,4.33,10.75,Low,Completed
10,87.38,19.37,200.66,17.80,177.97,0.89,66,6,1,1,1,1,0.92,69.42,1.69,4.99,6.60,Low,Completed
11,63.72,12.99,142.05,11.85,130.36,0.92,68,2,5,1,2,1,0.58,72.20,1.74,3.69,6.18,Medium,In Progress
5,93.04,17.02,79.66,16.29,81.47,1.02,54,4,1,0,0,0,0.87,69.43,8.76,4.31,10.80,Low,Completed
11,94.62,23.66,269.93,24.79,272.70,1.01,73,8,1,0,1,1,0.86,52.93,8.20,4.12,6.64,Medium,Completed
14,74.11,26.54,371.12,22.77,318.74,0.86,48,4,6,1,2,1,0.78,78.54,3.51,3.20,3.43,Low,In Progress
9,49.10,21.01,205.22,17.68,159.13,0.78,87,2,0,5,2,0,0.67,63.58,4.37,4.20,9.67,High,On Hold
6,65.18,31.34,190.99,23.04,138.23,0.72,96,2,3,0,1,0,0.57,65.46,8.87,3.37,16.00,Medium,In Progress
9,91.42,9.71,82.47,9.42,84.76,1.03,65,5,1,1,1,1,0.79,52.34,5.38,4.92,7.22,Low,Completed
12,35.39,32.72,400.75,27.68,332.22,0.83,131,3,1,6,1,1,0.71,83.38,4.38,4.06,10.92,Critical,On Hold
7,97.75,9.45,72.05,9.15,64.07,0.89,44,5,1,0,0,1,0.83,62.53,1.45,4.03,6.29,Low,Completed
8,28.11,32.12,245.58,17.16,137.32,0.56,101,2,1,2,2,1,0.33,92.17,3.53,2.76,12.62,Critical,Delayed
12,47.82,15.58,194.08,12.88,154.51,0.80,72,3,1,6,2,0,0.61,67.95,7.74,3.65,6.00,High,On Hold
6,65.04,15.50,86.81,9.49,56.93,0.66,110,2,3,0,1,0,0.78,66.64,6.50,4.02,18.33,Medium,In Progress
6,30.19,36.32,227.45,25.82,154.92,0.68,92,1,0,3,1,1,0.64,76.95,5.89,3.52,15.33,Critical,On Hold
8,47.67,18.88,134.19,14.67,117.37,0.87,45,2,4,0,2,0,0.80,73.53,9.86,4.41,5.62,High,In Progress
11,50.68,12.82,159.69,9.98,109.77,0.69,78,3,3,2,2,1,0.50,61.50,9.14,3.97,7.09,Medium,In Progress
7,87.97,11.67,99.38,13.25,92.77,0.93,64,5,0,1,0,1,0.87,60.28,4.62,4.88,9.14,Medium,Completed
11,28.37,27.32,315.06,19.92,219.09,0.70,174,2,1,5,3,0,0.46,85.76,5.44,2.95,15.82,Critical,Delayed
13,30.52,14.97,175.26,9.47,123.13,0.70,110,2,3,4,3,1,0.47,93.14,9.09,3.10,8.46,Critical,Delayed
5,90.06,33.63,152.34,36.09,180.44,1.18,84,4,0,1,0,0,0.72,64.63,3.04,4.90,16.80,Medium,Completed
12,11.35,26.18,305.96,25.53,306.35,1.00,83,1,2,1,7,1,0.74,60.79,8.04,3.36,6.92,Low,Planning
8,27.22,14.98,139.45,9.44,75.49,0.54,152,2,1,2,3,0,0.57,94.90,1.69,3.84,19.00,High,Delayed
5,18.69,25.83,115.41,24.12,120.62,1.05,107,1,0,0,4,0,0.67,64.57,2.26,3.86,21.40,Medium,Planning
6,73.01,16.82,89.12,10.21,61.24,0.69,113,2,3,0,1,0,0.71,73.29,1.29,3.71,18.83,High,In Progress
10,23.49,37.70,390.79,26.00,259.97,0.67,93,2,2,4,1,1,0.68,83.46,6.96,3.12,9.30,High,On Hold
9,48.18,34.07,311.10,25.53,229.78,0.74,94,2,4,1,2,0,0.61,70.33,7.08,3.99,10.44,Medium,In Progress
9,61.71,9.34,80.84,6.23,56.10,0.69,110,2,3,1,2,1,0.57,72.56,7.58,4.44,12.22,Medium,In Progress
13,68.43,20.90,281.83,16.98,220.79,0.78,113,4,4,2,2,1,0.62,71.10,9.04,3.99,8.69,Medium,In Progress
12,88.84,16.04,206.22,16.76,201.15,0.98,61,8,1,1,1,1,0.93,55.38,8.96,4.56,5.08,Medium,Completed
5,30.37,30.29,144.45,21.01,105.05,0.73,132,1,0,3,1,0,0.70,80.14,9.52,3.60,26.40,Critical,On Hold
14,20.50,17.74,236.34,7.56,105.89,0.45,136,2,3,5,3,1,0.45,98.34,7.99,2.70,9.71,Critical,Delayed
11,87.23,20.58,210.38,18.62,204.86,0.97,43,7,1,1,1,1,0.78,51.92,3.11,4.83,3.91,High,Completed
12,70.74,9.62,97.01,7.98,95.77,0.99,62,4,4,2,2,0,0.72,83.67,8.03,3.47,5.17,Medium,In Progress
6,92.50,20.73,143.31,22.04,132.22,0.92,88,4,0,0,1,1,0.84,68.79,2.19,4.51,14.67,Low,Completed
5,6.43,18.16,81.18,11.53,57.67,0.71,119,0,0,0,4,1,0.64,68.44,8.84,3.13,23.80,Low,Planning
11,13.58,23.50,266.26,19.30,212.26,0.80,106,1,2,1,6,1,0.74,79.00,2.39,3.22,9.64,Low,Planning
8,8.70,9.11,68.55,8.01,64.05,0.93,42,1,2,0,5,0,0.79,68.62,4.04,3.47,5.25,Low,Planning
7,13.91,12.52,89.43,5.53,38.74,0.43,94,1,1,3,2,0,0.52,87.21,7.04,2.91,13.43,Critical,Delayed
6,94.23,24.15,129.58,22.96,137.75,1.06,60,5,1,0,0,0,0.84,71.65,3.60,4.47,10.00,Medium,Completed
8,15.34,24.02,197.98,14.64,117.12,0.59,60,1,2,1,4,0,0.75,73.90,8.02,3.02,7.50,High,Planning
5,29.13,23.75,106.56,15.70,78.48,0.74,142,1,1,2,1,0,0.38,97.31,1.93,2.69,28.40,Medium,Delayed
7,13.63,36.47,273.02,33.05,231.35,0.85,31,0,1,1,5,0,0.63,66.90,7.92,3.34,4.43,Medium,Planning
12,15.52,9.92,104.26,8.36,100.26,0.96,113,1,2,1,7,1,0.53,84.92,2.65,3.89,9.42,Low,Planning
13,13.22,34.94,453.59,31.83,413.84,0.91,80,1,2,1,8,1,0.55,67.40,6.97,4.45,6.15,Low,Planning
9,18.52,19.61,178.34,14.43,129.87,0.73,177,1,1,3,3,1,0.58,88.13,2.29,3.57,19.67,Critical,Delayed
8,15.45,27.66,224.56,13.87,110.98,0.49,105,2,2,2,1,1,0.50,92.67,6.34,2.52,13.12,High,Delayed
5,6.42,34.79,159.06,22.63,113.16,0.71,44,0,0,0,4,1,0.75,82.96,6.85,3.16,8.80,Low,Planning
12,32.36,16.14,174.24,9.95,119.36,0.69,129,2,1,5,3,1,0.55,97.98,5.98,3.72,10.75,Critical,Delayed
6,86.93,20.44,112.25,18.98,113.87,1.01,49,5,0,0,0,1,0.72,70.74,9.79,4.40,8.17,Low,Completed
8,57.08,22.84,175.54,18.06,144.47,0.82,45,2,4,0,2,0,0.70,77.05,3.84,3.20,5.62,High,In Progress
7,15.95,16.22,125.67,12.49,87.45,0.70,48,1,0,1,4,1,0.69,64.67,1.23,3.43,6.86,Low,Planning
9,28.94,15.23,139.14,12.33,110.97,0.80,75,1,1,5,1,1,0.58,79.29,6.87,4.25,8.33,Medium,On Hold
12,64.59,24.74,287.79,18.80,225.56,0.78,146,2,6,2,2,0,0.55,84.43,5.90,3.20,12.17,Low,In Progress
11,95.25,25.81,278.22,30.28,333.10,1.20,75,7,1,1,1,1,0.93,74.38,8.50,4.30,6.82,High,Completed
9,54.54,21.19,208.13,14.84,133.58,0.64,67,3,4,1,1,0,0.67,68.64,8.34,3.70,7.44,Medium,In Progress
7,11.78,22.46,151.38,17.07,119.51,0.79,108,1,0,0,6,0,0.80,60.00,6.53,3.92,15.43,Low,Planning
6,91.68,31.38,173.67,30.10,180.59,1.04,39,5,1,0,0,0,0.85,64.54,4.61,4.34,6.50,Low,Completed
10,62.86,27.84,286.32,19.10,190.97,0.67,115,3,4,0,2,1,0.76,74.42,4.11,4.20,11.50,High,In Progress
13,9.79,21.85,287.86,13.81,179.58,0.62,77,1,2,1,8,1,0.64,72.56,2.81,3.47,5.92,Medium,Planning
8,49.13,14.25,121.11,10.39,83.11,0.69,139,2,2,3,1,0,0.55,78.05,1.36,3.61,17.38,Critical,On Hold
9,46.22,33.91,323.21,20.65,185.81,0.57,58,3,1,4,1,0,0.50,65.67,6.10,3.53,6.44,Critical,On Hold
11,45.06,36.88,400.97,25.32,278.49,0.69,82,3,2,3,2,1,0.56,71.03,2.79,3.40,7.45,Critical,On Hold
12,25.64,15.92,205.65,7.41,88.98,0.43,140,2,3,4,3,0,0.47,83.70,1.54,3.41,11.67,High,Delayed
14,22.79,14.47,198.10,6.09,85.20,0.43,127,2,3,5,3,1,0.44,87.66,8.55,2.72,9.07,Critical,Delayed
9,48.79,24.65,241.67,16.78,151.05,0.63,127,1,0,5,2,1,0.51,62.45,1.40,3.28,14.11,Critical,On Hold
9,25.10,26.85,239.86,20.96,188.67,0.79,99,2,1,4,2,0,0.54,63.08,5.67,3.37,11.00,High,On Hold
10,15.06,10.92,100.60,9.49,94.86,0.94,92,1,1,1,6,1,0.69,70.27,5.41,3.62,9.20,Low,Planning
5,13.25,13.67,52.27,13.43,67.15,1.28,37,0,0,0,5,0,0.79,62.87,5.41,3.25,7.40,Low,Planning
7,68.45,29.68,209.65,23.45,164.15,0.78,107,2,4,0,1,0,0.63,75.69,6.83,4.27,15.29,Medium,In Progress
15,66.93,27.59,394.56,18.71,280.58,0.71,120,4,6,2,2,1,0.63,74.46,8.49,4.21,8.00,Low,In Progress
5,36.46,38.63,208.76,33.26,166.29,0.80,89,1,0,3,1,0,0.62,72.99,9.97,3.20,17.80,Critical,On Hold
13,66.93,39.73,504.81,29.49,383.32,0.76,108,4,5,2,2,0,0.71,74.73,9.45,3.52,8.31,Medium,In Progress
9,34.19,14.72,142.20,8.98,80.84,0.57,91,2,0,4,2,1,0.51,77.48,3.98,4.12,10.11,Critical,On Hold
9,40.82,12.26,100.81,9.41,84.71,0.84,66,3,1,3,1,1,0.55,67.98,4.74,4.36,7.33,High,On Hold
10,15.72,13.58,134.68,8.65,86.45,0.64,47,1,2,1,5,1,0.61,63.13,3.28,3.96,4.70,Low,Planning
5,30.21,11.89,62.99,6.26,31.31,0.50,108,0,1,2,2,0,0.48,85.91,3.30,2.99,21.60,Critical,Delayed
12,14.30,10.16,135.13,4.78,57.39,0.42,120,2,3,4,3,0,0.46,84.28,3.55,3.10,10.00,High,Delayed
11,91.42,16.51,174.94,17.62,193.84,1.11,34,7,1,1,1,1,0.84,66.58,7.11,4.93,3.09,High,Completed
15,72.10,15.39,246.81,10.81,162.22,0.66,143,4,6,2,2,1,0.51,65.24,4.75,3.53,9.53,Critical,In Progress
5,98.67,24.39,129.17,28.77,143.85,1.11,68,4,0,0,1,0,0.86,73.36,3.73,4.78,13.60,Medium,Completed
14,56.01,38.89,541.54,33.16,464.28,0.86,114,4,5,2,2,1,0.54,65.16,3.82,3.95,8.14,Medium,In Progress
8,50.48,33.44,260.48,30.30,242.41,0.93,58,3,3,0,2,0,0.79,69.42,4.05,3.09,7.25,High,In Progress
12,13.67,37.64,466.52,26.88,322.50,0.69,125,1,3,4,3,1,0.51,98.90,7.14,3.00,10.42,Critical,Delayed
13,65.48,35.57,447.84,34.89,453.54,1.01,65,3,6,2,1,1,0.57,83.59,8.84,3.43,5.00,Low,In Progress
11,95.04,28.00,313.53,27.78,305.57,0.97,36,7,1,1,1,1,0.82,71.23,4.45,4.17,3.27,Medium,Completed
9,96.61,17.85,159.76,20.31,182.83,1.14,77,7,1,0,1,0,0.88,52.64,8.55,4.67,8.56,Medium,Completed
5,29.78,17.74,74.25,14.98,74.92,1.01,127,1,0,3,1,0,0.52,68.74,8.76,3.35,25.40,Critical,On Hold
13,21.02,39.22,504.69,21.29,276.83,0.55,171,2,3,4,3,1,0.56,90.11,5.57,2.71,13.15,Medium,Delayed
10,97.53,21.28,209.73,24.17,241.69,1.15,64,7,1,1,1,0,0.91,66.84,2.24,4.28,6.40,Low,Completed
9,72.62,31.88,279.42,29.92,269.24,0.96,113,2,4,1,1,1,0.60,61.37,2.84,3.63,12.56,Medium,In Progress
13,41.68,13.37,158.63,8.38,108.99,0.69,67,2,2,6,2,1,0.57,77.64,3.77,3.36,5.15,High,On Hold
7,88.26,11.54,62.20,13.83,96.79,1.30,45,5,1,0,1,0,0.89,56.86,6.62,4.08,6.43,Low,Completed
6,68.20,22.21,140.31,17.85,107.10,0.76,123,2,3,0,1,0,0.70,60.79,5.81,3.06,20.50,Low,In Progress
6,90.58,32.15,182.82,34.12,204.74,1.12,75,4,1,0,1,0,0.92,56.68,5.81,4.86,12.50,Low,Completed
6,98.89,34.20,198.72,39.27,235.65,1.19,67,4,0,1,0,1,0.94,53.43,5.84,4.18,11.17,Low,Completed
14,73.60,33.85,483.42,27.58,386.16,0.80,109,3,6,2,2,1,0.52,67.44,3.68,3.48,7.79,Medium,In Progress
13,50.16,14.08,195.94,11.52,149.74,0.76,81,3,5,2,2,1,0.64,78.45,2.25,3.66,6.23,High,In Progress
15,71.35,36.42,534.30,25.99,389.90,0.73,123,4,6,2,2,1,0.79,78.86,5.01,3.89,8.20,Low,In Progress
6,39.37,22.31,147.06,19.23,115.37,0.78,154,1,0,3,1,1,0.55,73.68,1.79,3.57,25.67,Critical,On Hold
11,15.59,9.38,90.34,7.10,78.09,0.86,86,1,2,1,6,1,0.65,80.73,5.57,3.93,7.82,Low,Planning
15,72.72,37.36,575.97,31.77,476.50,0.83,126,4,6,2,2,1,0.75,74.05,7.04,4.39,8.40,High,In Progress
14,25.02,38.97,551.86,24.38,341.38,0.62,165,2,3,5,3,1,0.51,87.25,8.42,2.81,11.79,Critical,Delayed
6,25.98,13.77,66.98,13.12,78.75,1.18,64,1,1,3,1,0,0.62,61.81,6.18,4.28,10.67,Critical,On Hold
9,19.93,17.54,141.41,13.40,120.62,0.85,91,1,2,2,3,1,0.37,96.25,4.09,2.67,10.11,Critical,Delayed
13,72.49,25.73,335.84,17.45,226.83,0.68,128,4,5,2,1,1,0.60,69.30,7.84,3.51,9.85,Critical,In Progress
8,86.22,16.23,128.41,15.71,125.67,0.98,48,6,0,1,0,1,0.82,67.29,3.36,4.62,6.00,Medium,Completed
7,89.79,25.71,171.97,26.47,185.26,1.08,85,5,1,1,0,0,0.81,71.21,4.27,4.79,12.14,High,Completed
11,16.23,8.64,77.55,6.52,71.76,0.93,101,1,2,1,6,1,0.61,75.87,2.68,4.12,9.18,Medium,Planning
14,34.25,25.00,345.88,21.13,295.88,0.86,157,3,2,6,2,1,0.77,73.13,7.37,3.38,11.21,Critical,On Hold
14,24.59,15.76,227.11,14.74,206.38,0.91,51,3,2,6,2,1,0.72,75.01,7.58,4.15,3.64,Medium,On Hold
7,18.20,24.50,171.40,11.55,80.84,0.47,107,0,2,2,2,1,0.54,91.95,4.54,3.21,15.29,High,Delayed
10,87.32,19.39,201.17,19.05,190.50,0.95,32,6,1,1,1,1,0.88,63.38,6.72,4.20,3.20,Low,Completed
9,95.07,37.72,348.99,37.41,336.68,0.96,84,5,1,1,1,1,0.93,63.19,3.33,4.05,9.33,Medium,Completed
5,14.36,17.69,89.74,11.07,55.35,0.62,93,0,1,3,1,0,0.51,94.24,9.09,3.37,18.60,Critical,Delayed
6,63.70,31.08,173.81,22.73,136.37,0.78,55,2,3,0,1,0,0.68,72.24,5.76,3.50,9.17,High,In Progress
14,47.99,32.00,460.18,20.95,293.31,0.64,143,3,2,6,2,1,0.78,72.56,3.95,4.11,10.21,High,On Hold
11,47.56,9.59,110.42,6.00,65.95,0.60,95,2,6,1,2,0,0.79,72.95,6.53,3.35,8.64,High,In Progress
6,22.62,22.62,149.54,10.08,60.48,0.40,163,1,1,2,2,0,0.53,81.24,6.19,2.68,27.17,Critical,Delayed
8,11.74,35.01,270.56,26.91,215.28,0.80,113,1,0,1,5,1,0.67,74.27,3.99,3.47,14.12,Low,Planning
9,41.03,35.79,324.73,28.87,259.86,0.80,62,2,1,4,2,0,0.59,75.77,5.10,3.72,6.89,Critical,On Hold
11,61.39,11.63,114.76,9.52,104.73,0.91,70,4,4,0,2,1,0.57,68.58,8.67,3.84,6.36,High,In Progress
7,47.39,31.79,223.84,30.02,210.13,0.94,120,2,3,1,1,0,0.70,83.31,6.18,3.19,17.14,High,In Progress
13,20.06,17.91,220.90,13.67,177.77,0.80,129,2,3,4,3,1,0.39,92.51,2.39,3.06,9.92,Critical,Delayed
8,96.86,18.44,146.24,17.41,139.30,0.95,56,6,1,0,1,0,0.75,73.80,4.08,4.99,7.00,Medium,Completed
9,20.08,34.13,322.61,14.84,133.53,0.41,101,1,3,2,3,0,0.49,92.42,2.09,3.97,11.22,Critical,Delayed
11,38.82,38.02,409.26,27.86,306.51,0.75,105,2,2,4,2,1,0.78,84.94,1.29,3.35,9.55,High,On Hold
9,89.74,17.74,179.01,19.39,174.52,0.97,69,5,1,1,1,1,0.80,55.98,6.66,4.64,7.67,Medium,Completed
7,93.51,28.91,193.36,31.17,218.17,1.13,58,4,1,1,0,1,0.81,68.56,3.05,4.06,8.29,Low,Completed
6,97.38,11.78,88.86,13.67,81.99,0.92,75,5,1,0,0,0,0.74,64.95,6.98,4.42,12.50,Medium,Completed
5,96.16,24.15,101.04,26.74,133.72,1.30,84,4,0,0,1,0,0.83,68.76,3.80,4.51,16.80,Medium,Completed
5,11.85,19.51,99.00,17.31,86.53,0.87,56,0,0,0,5,0,0.64,69.65,9.70,4.05,11.20,Low,Planning
13,21.87,36.09,457.30,33.58,436.58,0.95,102,3,1,6,2,1,0.75,67.78,4.62,3.75,7.85,Medium,On Hold
8,59.15,13.62,109.50,12.07,96.57,0.88,63,2,4,0,1,1,0.57,64.15,3.99,4.41,7.88,Medium,In Progress
6,89.93,13.73,98.05,14.26,85.54,0.87,67,5,1,0,0,0,0.88,63.04,2.12,4.96,11.17,Medium,Completed
10,57.85,8.62,73.78,6.60,66.03,0.89,84,4,5,0,1,0,0.51,79.59,1.09,4.14,8.40,Low,In Progress
6,71.82,39.57,227.48,31.81,190.87,0.84,101,2,3,0,1,0,0.60,75.38,9.34,4.44,16.83,High,In Progress
8,90.67,23.11,177.87,27.40,219.22,1.23,48,6,0,0,1,1,0.95,51.37,6.21,4.08,6.00,Low,Completed
11,55.42,17.70,213.40,17.31,190.43,0.89,121,3,4,1,2,1,0.74,75.63,9.44,4.02,11.00,High,In Progress
14,17.19,30.03,430.32,14.57,203.99,0.47,171,2,3,5,3,1,0.46,90.67,4.65,2.75,12.21,Medium,Delayed
10,74.71,16.69,151.08,11.99,119.89,0.79,86,4,3,0,2,1,0.68,69.27,7.95,3.26,8.60,Medium,In Progress
14,52.08,18.82,271.64,12.70,177.81,0.65,45,4,5,2,2,1,0.54,64.64,2.64,3.77,3.21,Low,In Progress
12,90.21,15.81,187.76,18.62,223.48,1.19,63,8,1,1,1,1,0.72,61.45,4.55,4.87,5.25,Low,Completed
7,21.09,24.45,178.73,17.97,125.77,0.70,153,0,2,3,1,1,0.40,90.52,7.19,2.91,21.86,High,Delayed
11,45.20,31.91,332.97,31.26,343.82,1.03,94,4,3,1,2,1,0.73,72.85,8.01,3.78,8.55,High,In Progress
6,65.31,15.73,101.64,13.94,83.66,0.82,147,2,3,0,1,0,0.52,74.90,7.66,3.32,24.50,Low,In Progress
10,8.30,29.67,281.45,18.62,186.19,0.66,77,0,2,1,6,1,0.58,81.94,1.81,4.07,7.70,Low,Planning
8,70.99,30.53,232.93,22.80,182.36,0.78,68,2,3,0,2,1,0.76,70.46,5.00,3.45,8.50,Low,In Progress
7,94.62,10.93,86.36,9.88,69.13,0.80,35,5,0,0,1,1,0.78,51.52,7.31,4.01,5.00,Low,Completed
8,91.25,22.21,163.19,25.74,205.91,1.26,89,4,1,1,1,1,0.88,67.32,9.89,4.23,11.12,Medium,Completed
13,50.22,23.18,294.72,19.28,250.65,0.85,115,4,5,1,2,1,0.66,77.86,5.00,3.04,8.85,High,In Progress
9,86.87,28.88,242.02,29.86,268.71,1.11,41,5,1,1,1,1,0.93,71.69,7.37,4.11,4.56,Medium,Completed
7,67.94,11.65,87.28,10.88,76.13,0.87,81,2,3,0,2,0,0.58,80.17,3.27,4.24,11.57,Medium,In Progress
9,6.56,12.27,118.09,11.26,101.37,0.86,45,0,1,1,6,1,0.54,81.93,5.75,3.70,5.00,Low,Planning
12,49.07,18.10,222.11,12.45,149.45,0.67,51,4,4,1,2,1,0.58,69.63,9.49,3.92,4.25,Low,In Progress
14,10.62,22.85,331.44,14.65,205.09,0.62,100,2,3,5,3,1,0.51,94.51,8.53,3.96,7.14,Medium,Delayed
9,68.04,28.71,243.57,24.70,222.27,0.91,147,2,4,2,1,0,0.73,74.71,2.91,3.15,16.33,Medium,In Progress
15,46.98,38.30,565.51,29.08,436.15,0.77,129,4,6,2,2,1,0.79,69.00,5.30,3.53,8.60,High,In Progress
15,74.18,9.27,143.01,8.79,131.85,0.92,139,4,6,2,2,1,0.79,72.35,8.82,4.11,9.27,High,In Progress
10,5.37,14.16,125.67,13.66,136.56,1.09,92,1,2,1,5,1,0.72,72.85,6.45,3.95,9.20,Medium,Planning
13,12.74,38.33,494.15,17.25,224.20,0.45,117,2,3,4,3,1,0.36,99.97,5.87,2.93,9.00,Medium,Delayed
7,15.34,26.58,195.76,23.13,161.91,0.83,36,1,0,0,5,1,0.59,77.35,3.75,4.14,5.14,Medium,Planning
11,6.06,34.01,377.27,28.82,317.00,0.84,95,1,2,1,6,1,0.70,80.23,7.06,3.75,8.64,High,Planning
8,96.04,38.66,290.58,41.51,332.11,1.14,76,7,0,1,0,0,0.89,55.44,6.59,4.05,9.50,Low,Completed
12,95.57,36.64,442.67,36.83,442.01,1.00,30,8,1,1,1,1,0.78,61.20,4.65,4.98,2.50,Low,Completed
11,98.26,37.29,400.81,43.58,479.40,1.20,66,8,1,1,0,1,0.75,65.34,3.01,4.55,6.00,Medium,Completed
12,90.92,34.19,403.66,36.66,439.92,1.09,45,8,1,1,1,1,0.90,53.53,2.17,4.64,3.75,Low,Completed
9,94.56,11.99,102.53,11.61,104.52,1.02,65,5,1,1,1,1,0.86,56.65,1.35,4.46,7.22,Medium,Completed
7,40.57,13.24,100.32,11.51,80.58,0.80,108,3,0,3,1,0,0.57,63.30,8.98,3.41,15.43,High,On Hold
7,86.38,21.76,149.86,21.61,151.30,1.01,46,5,1,0,0,1,0.81,73.51,9.58,4.24,6.57,Medium,Completed
8,27.98,8.12,51.45,4.38,35.06,0.68,95,2,2,2,2,0,0.31,87.51,6.64,2.72,11.88,High,Delayed
7,47.38,27.07,173.81,16.43,114.99,0.66,131,1,1,4,1,0,0.55,60.18,8.25,3.12,18.71,Critical,On Hold
5,86.90,15.58,61.25,17.62,88.09,1.30,34,4,0,0,1,0,0.94,74.11,2.47,4.30,6.80,Low,Completed
7,38.89,16.34,98.09,12.42,86.91,0.89,52,2,1,3,1,0,0.62,64.16,9.88,4.23,7.43,High,On Hold
10,25.28,23.90,252.68,13.82,138.20,0.55,133,1,2,3,3,1,0.60,87.22,7.78,3.25,13.30,Critical,Delayed
10,97.41,35.49,348.65,36.09,360.92,1.04,78,6,1,1,1,1,0.80,65.11,6.67,4.42,7.80,Low,Completed
12,35.18,22.39,262.49,14.98,179.77,0.68,79,3,2,4,2,1,0.55,83.99,8.66,4.30,6.58,Critical,On Hold
13,49.37,24.58,299.79,18.90,245.72,0.82,85,3,5,2,2,1,0.76,66.73,9.84,3.57,6.54,Medium,In Progress
12,13.12,21.30,245.93,20.17,242.00,0.98,62,1,2,1,7,1,0.52,77.53,1.50,4.37,5.17,Medium,Planning
5,44.02,23.37,116.26,19.31,96.54,0.83,55,1,0,3,1,0,0.64,77.97,6.28,3.74,11.00,High,On Hold
11,46.96,38.47,424.52,32.80,360.83,0.85,71,1,2,6,1,1,0.64,63.74,9.37,3.69,6.45,High,On Hold
11,26.66,30.73,334.83,18.65,205.18,0.61,148,2,3,3,3,0,0.39,91.72,1.99,3.95,13.45,Critical,Delayed
9,86.41,32.86,302.66,35.63,320.67,1.06,47,5,1,1,1,1,0.83,50.62,4.66,4.22,5.22,Low,Completed
11,23.11,21.16,222.09,12.86,141.46,0.64,123,2,2,4,2,1,0.71,67.49,3.42,4.50,11.18,Medium,On Hold
12,43.09,11.89,148.02,11.41,136.93,0.93,87,3,2,5,1,1,0.74,70.01,9.52,3.61,7.25,Critical,On Hold
8,8.26,30.05,234.09,20.62,164.99,0.70,105,1,0,0,6,1,0.66,84.21,2.33,4.41,13.12,Low,Planning
5,34.57,25.20,129.04,16.58,82.92,0.64,126,0,2,2,1,0,0.46,90.05,3.32,3.55,25.20,Critical,Delayed
6,22.47,18.93,131.73,14.41,86.48,0.66,109,1,1,2,1,1,0.32,93.69,5.53,3.65,18.17,Critical,Delayed
13,22.19,27.45,340.19,23.53,305.89,0.90,143,3,2,5,2,1,0.69,66.33,8.23,4.23,11.00,Medium,On Hold
9,34.08,10.86,94.49,8.05,72.48,0.77,128,1,2,2,3,1,0.58,95.29,1.71,3.17,14.22,Critical,Delayed
11,16.45,15.48,175.83,10.75,118.21,0.67,70,1,2,1,6,1,0.74,69.63,4.76,3.07,6.36,Low,Planning
7,7.88,32.28,210.22,25.91,181.34,0.86,54,1,2,0,4,0,0.64,69.04,4.23,3.79,7.71,Medium,Planning
9,22.30,9.77,90.13,6.21,55.87,0.62,121,0,3,4,1,1,0.47,84.77,8.15,3.23,13.44,Critical,Delayed
8,29.21,38.38,299.22,25.62,204.95,0.68,143,1,2,3,1,1,0.51,68.08,5.90,3.83,17.88,High,On Hold
5,27.30,29.52,140.73,20.99,104.96,0.75,81,1,0,3,1,0,0.64,78.99,2.85,4.06,16.20,High,On Hold
7,93.17,18.84,134.43,18.11,126.80,0.94,63,4,1,0,1,1,0.82,70.46,7.15,4.18,9.00,Medium,Completed
12,18.85,11.96,146.83,10.69,128.27,0.87,88,1,1,1,8,1,0.66,66.74,7.32,3.99,7.33,High,Planning
9,68.60,11.52,99.04,10.77,96.95,0.98,93,2,4,1,1,1,0.65,67.50,2.36,3.43,10.33,Medium,In Progress
6,40.98,10.48,43.60,6.72,40.30,0.92,53,1,0,4,1,0,0.53,81.24,5.80,3.71,8.83,Medium,On Hold
12,26.82,23.60,288.16,18.37,220.43,0.76,152,1,3,5,2,1,0.35,94.50,5.55,3.52,12.67,Critical,Delayed
7,5.93,17.64,113.42,13.21,92.46,0.82,33,0,0,0,6,1,0.64,65.12,6.10,3.97,4.71,Low,Planning
12,17.97,8.32,115.14,5.23,62.77,0.55,155,2,1,5,3,1,0.48,84.20,2.05,3.96,12.92,Critical,Delayed
5,94.00,10.87,44.64,10.09,50.44,1.13,85,4,0,1,0,0,0.90,73.44,7.23,4.16,17.00,Low,Completed
13,9.73,16.41,223.96,15.92,207.01,0.92,111,1,2,1,8,1,0.74,77.04,9.00,4.04,8.54,Low,Planning
8,95.93,12.91,97.94,13.06,104.51,1.07,86,6,1,0,0,1,0.79,60.16,8.28,4.38,10.75,Low,Completed
9,22.53,20.49,187.53,15.66,140.97,0.75,156,0,3,3,2,1,0.42,99.44,2.43,3.03,17.33,Critical,Delayed
11,7.81,31.70,358.94,26.71,293.81,0.82,77,1,2,1,6,1,0.50,62.29,6.01,4.34,7.00,Low,Planning
12,12.80,34.76,405.75,22.53,270.38,0.67,59,1,2,1,7,1,0.56,71.55,9.13,3.08,4.92,High,Planning
13,68.25,10.10,133.28,8.45,109.81,0.82,99,4,5,1,2,1,0.69,75.17,8.65,3.81,7.62,Low,In Progress
6,48.07,30.84,173.31,25.52,153.10,0.88,113,2,3,0,1,0,0.66,62.13,3.73,4.12,18.83,Critical,In Progress
10,45.53,19.21,175.39,17.09,170.90,0.97,90,3,4,1,2,0,0.71,60.54,6.68,3.25,9.00,High,In Progress
9,17.91,19.58,177.16,13.08,117.75,0.66,169,0,2,4,3,0,0.40,83.89,6.06,2.97,18.78,Critical,Delayed
10,27.06,10.61,93.81,8.28,82.77,0.88,156,2,2,3,2,1,0.56,84.75,9.81,3.08,15.60,Critical,Delayed
10,64.06,17.16,161.51,14.73,147.26,0.91,75,4,4,0,2,0,0.74,80.63,8.81,3.62,7.50,High,In Progress
14,33.75,32.83,457.46,25.57,358.02,0.78,122,3,2,6,2,1,0.78,76.84,1.58,3.70,8.71,High,On Hold
6,44.91,33.63,207.04,26.95,161.69,0.78,82,1,0,3,2,0,0.70,68.46,9.42,4.37,13.67,High,On Hold
11,46.76,11.40,112.35,9.99,109.86,0.98,148,3,0,5,2,1,0.72,72.71,9.93,3.40,13.45,Medium,On Hold
10,91.21,39.70,388.12,41.66,416.64,1.07,77,7,1,1,1,0,0.93,61.01,5.94,4.80,7.70,Low,Completed
6,60.36,29.13,175.69,17.75,106.52,0.61,82,2,3,0,1,0,0.78,61.19,4.17,4.28,13.67,Medium,In Progress
5,92.07,36.35,192.74,40.73,203.66,1.06,44,4,1,0,0,0,0.95,61.63,1.52,4.26,8.80,Low,Completed
10,47.27,31.09,328.51,29.61,296.15,0.90,120,3,5,0,2,0,0.69,76.65,4.41,4.43,12.00,Low,In Progress
11,46.91,12.61,158.67,10.70,117.74,0.74,77,2,4,2,2,1,0.67,81.03,9.97,3.65,7.00,Medium,In Progress
12,15.53,30.12,376.71,29.49,353.90,0.94,113,1,2,1,7,1,0.76,68.92,3.35,4.42,9.42,Medium,Planning
14,10.25,12.06,172.54,7.15,100.12,0.58,153,2,3,5,3,1,0.36,89.83,9.55,3.08,10.93,Critical,Delayed
5,90.44,27.32,128.56,27.96,139.78,1.09,30,5,0,0,0,0,0.81,72.28,4.70,4.15,6.00,Low,Completed
9,88.91,10.71,108.72,12.12,109.09,1.00,86,6,1,0,1,1,0.79,73.08,2.86,4.87,9.56,Low,Completed
6,48.79,12.98,66.92,8.89,53.33,0.80,115,2,0,3,1,0,0.70,82.69,7.57,4.10,19.17,High,On Hold
13,65.08,18.44,228.48,17.88,232.50,1.02,127,4,4,2,2,1,0.77,71.50,6.46,3.28,9.77,Low,In Progress
9,95.41,10.76,99.17,11.30,101.72,1.03,47,6,1,0,1,1,0.89,57.93,5.35,4.29,5.22,Low,Completed
5,88.36,25.73,108.70,25.34,126.70,1.17,55,4,0,1,0,0,0.78,54.60,6.19,4.15,11.00,Low,Completed
8,33.57,20.37,159.74,16.80,134.40,0.84,133,2,1,3,1,1,0.55,75.92,9.77,4.24,16.62,High,On Hold
9,91.13,38.14,352.85,35.32,317.86,0.90,47,6,0,1,1,1,0.78,67.98,3.58,4.25,5.22,Low,Completed
12,36.00,8.93,117.95,8.58,102.98,0.87,89,2,1,6,2,1,0.68,69.15,8.26,3.78,7.42,High,On Hold
10,23.06,10.78,111.98,6.71,67.12,0.60,114,1,0,6,2,1,0.72,64.99,4.34,3.75,11.40,Critical,On Hold
12,94.70,32.55,409.50,32.09,385.03,0.94,67,8,1,1,1,1,0.84,67.49,4.71,4.14,5.58,Medium,Completed
6,86.20,10.22,59.56,11.06,66.39,1.11,90,5,1,0,0,0,0.81,68.91,8.15,4.49,15.00,Medium,Completed
8,11.43,21.79,162.24,16.89,135.14,0.83,117,1,1,1,5,0,0.68,73.03,2.35,3.10,14.62,Medium,Planning
5,32.34,19.49,109.77,10.82,54.10,0.49,150,0,2,2,1,0,0.53,86.64,7.70,2.73,30.00,Critical,Delayed
5,25.19,15.88,61.95,7.19,35.95,0.58,166,0,1,2,2,0,0.46,97.49,1.39,2.89,33.20,High,Delayed
7,30.55,24.54,172.99,18.66,130.64,0.76,91,1,0,5,1,0,0.66,61.82,8.11,3.33,13.00,Critical,On Hold
7,10.68,33.88,228.97,28.07,196.50,0.86,100,1,1,0,4,1,0.59,71.48,8.36,4.39,14.29,Medium,Planning
8,5.19,15.43,131.77,14.34,114.71,0.87,72,1,0,0,6,1,0.55,77.63,3.19,3.70,9.00,Medium,Planning
7,43.60,34.48,238.48,28.91,202.38,0.85,139,1,0,4,1,1,0.51,73.74,8.72,3.71,19.86,High,On Hold
13,29.11,8.12,95.12,6.30,81.87,0.86,122,2,3,4,3,1,0.54,92.79,8.68,3.61,9.38,High,Delayed
5,92.81,31.92,179.61,35.67,178.37,0.99,87,4,0,0,1,0,0.78,52.16,1.01,4.45,17.40,Medium,Completed
11,36.32,13.11,130.79,9.36,102.99,0.79,90,3,2,4,2,0,0.67,73.00,6.50,3.40,8.18,High,On Hold
10,58.60,27.31,285.36,18.10,180.99,0.63,145,2,5,0,2,1,0.80,61.37,4.20,3.72,14.50,High,In Progress
8,23.76,32.91,280.90,24.51,196.06,0.70,122,0,2,2,3,1,0.55,86.07,4.59,2.98,15.25,Critical,Delayed
5,13.70,38.77,186.37,24.78,123.92,0.66,42,0,0,0,5,0,0.69,69.13,5.82,4.18,8.40,High,Planning
5,85.73,34.38,174.48,32.79,163.96,0.94,35,4,1,0,0,0,0.70,69.89,5.29,4.13,7.00,Low,Completed
11,67.43,23.43,258.56,23.20,255.19,0.99,138,4,4,2,1,0,0.57,61.50,5.66,3.19,12.55,Critical,In Progress
12,87.23,19.63,231.13,18.29,219.46,0.95,40,8,1,1,1,1,0.94,72.87,2.50,4.12,3.33,Low,Completed
14,68.44,35.36,492.35,26.68,373.50,0.76,63,4,5,2,2,1,0.51,68.18,6.65,3.41,4.50,Critical,In Progress
12,87.52,15.49,173.85,17.26,207.11,1.19,54,8,1,1,1,1,0.84,73.95,5.53,4.08,4.50,Medium,Completed
10,85.42,14.17,129.35,16.02,160.22,1.24,57,6,1,1,1,1,0.70,51.88,5.82,4.85,5.70,Low,Completed
10,90.37,29.10,291.42,30.35,303.54,1.04,49,6,1,1,1,1,0.82,72.41,8.26,4.00,4.90,Low,Completed
14,70.54,32.49,449.09,23.06,322.77,0.72,58,4,5,2,2,1,0.64,70.40,9.80,3.30,4.14,Medium,In Progress
8,26.31,27.69,218.01,26.96,215.72,0.99,140,1,0,4,2,1,0.67,75.39,1.36,3.60,17.50,Critical,On Hold
15,59.94,38.32,573.87,27.86,417.87,0.73,110,4,6,2,2,1,0.59,80.30,8.80,4.01,7.33,Medium,In Progress
5,5.30,36.23,167.04,32.04,160.21,0.96,76,1,0,0,4,0,0.73,71.84,5.02,3.01,15.20,High,Planning
9,31.06,20.79,205.27,13.66,122.91,0.60,112,2,1,4,2,0,0.41,93.21,5.24,2.80,12.44,Critical,Delayed
10,22.72,34.49,355.79,14.33,143.33,0.40,155,1,2,4,2,1,0.52,87.05,3.93,3.21,15.50,High,Delayed
13,18.67,10.67,155.83,8.87,115.37,0.74,111,1,2,1,8,1,0.60,75.54,1.35,3.28,8.54,High,Planning
11,85.22,8.01,77.73,7.71,84.78,1.09,32,8,0,1,1,1,0.74,65.17,7.38,4.02,2.91,Low,Completed
7,14.06,31.68,214.15,29.89,209.23,0.98,42,1,0,1,5,0,0.65,61.00,9.86,3.58,6.00,Low,Planning
12,92.53,35.63,444.24,42.72,512.66,1.15,77,8,1,1,1,1,0.87,69.60,4.55,4.65,6.42,Low,Completed
13,12.26,23.59,321.76,19.13,248.64,0.77,48,1,2,1,8,1,0.65,62.99,8.22,3.37,3.69,High,Planning
6,93.41,17.08,99.94,18.62,111.72,1.12,76,5,1,0,0,0,0.71,62.44,2.39,4.18,12.67,Low,Completed
11,8.87,37.48,427.23,31.05,341.52,0.80,116,1,2,0,7,1,0.62,71.50,3.68,3.05,10.55,Medium,Planning
11,54.29,37.54,420.55,24.43,268.78,0.64,88,4,4,1,2,0,0.60,80.96,6.89,3.41,8.00,Critical,In Progress
9,8.18,15.83,157.75,12.13,109.20,0.69,59,1,2,0,6,0,0.53,77.21,2.43,4.18,6.56,Low,Planning
11,86.15,11.92,132.47,13.87,152.59,1.15,87,8,1,0,1,1,0.89,51.74,5.31,4.17,7.91,Medium,Completed
7,67.16,25.73,181.21,23.30,163.12,0.90,130,2,4,0,1,0,0.76,75.66,7.02,3.19,18.57,Critical,In Progress
5,14.39,32.79,154.54,31.92,159.59,1.03,64,0,0,0,4,1,0.77,72.64,1.69,3.46,12.80,Medium,Planning
10,47.10,22.78,220.36,18.96,189.60,0.86,142,2,5,2,1,0,0.76,72.49,4.95,3.92,14.20,High,In Progress
11,48.03,34.17,369.73,31.54,346.98,0.94,127,4,4,0,2,1,0.79,76.32,5.10,3.60,11.55,Medium,In Progress
8,37.78,18.07,144.01,14.30,114.40,0.79,116,3,0,3,2,0,0.61,72.55,6.45,3.84,14.50,Critical,On Hold
11,52.95,25.34,263.94,22.97,252.63,0.96,52,3,3,2,2,1,0.72,75.90,8.87,3.12,4.73,Critical,In Progress
8,58.69,22.04,186.70,16.93,135.41,0.73,147,2,3,1,1,1,0.55,66.68,5.58,3.22,18.38,High,In Progress
10,61.22,37.19,389.76,25.96,259.56,0.67,55,4,3,0,2,1,0.79,66.38,8.73,3.82,5.50,High,In Progress
12,12.10,32.47,381.01,31.01,372.11,0.98,57,1,2,1,7,1,0.68,81.72,6.96,3.65,4.75,High,Planning
12,96.37,9.79,116.71,10.39,124.63,1.07,30,8,1,1,1,1,0.91,72.86,3.39,4.90,2.50,Low,Completed
5,16.41,39.43,216.46,30.36,151.80,0.70,98,0,1,2,2,0,0.36,93.40,1.00,3.71,19.60,Critical,Delayed
6,5.45,18.26,128.13,15.64,93.87,0.73,100,0,1,0,5,0,0.52,76.50,4.88,4.15,16.67,High,Planning
5,12.56,9.71,34.19,8.25,41.24,1.21,70,1,0,0,4,0,0.66,67.09,9.54,4.26,14.00,Medium,Planning
11,73.99,26.81,310.70,23.09,253.96,0.82,73,4,5,0,1,1,0.74,75.76,3.64,3.56,6.64,High,In Progress
9,58.26,17.52,169.27,10.73,96.59,0.57,90,2,4,2,1,0,0.73,66.60,1.05,4.00,10.00,Critical,In Progress
6,15.20,15.87,96.52,9.41,56.47,0.59,150,2,1,2,1,0,0.54,94.86,6.95,2.85,25.00,Critical,Delayed
11,94.16,39.77,448.80,46.79,514.71,1.15,81,8,0,1,1,1,0.83,73.60,4.57,4.69,7.36,Low,Completed
8,59.89,30.61,262.53,22.40,179.20,0.68,79,3,3,0,1,1,0.66,64.21,7.84,4.48,9.88,Critical,In Progress
10,31.39,35.19,351.08,19.33,193.28,0.55,150,1,2,3,3,1,0.45,82.11,7.25,3.28,15.00,Critical,Delayed
15,50.24,20.89,316.89,13.28,199.18,0.63,98,4,6,2,2,1,0.80,74.03,7.19,3.49,6.53,Medium,In Progress
12,88.90,10.56,114.08,11.37,136.49,1.20,43,8,1,1,1,1,0.72,54.06,9.06,4.69,3.58,Low,Completed
6,15.04,12.82,75.67,10.28,61.66,0.81,88,1,0,0,5,0,0.79,64.39,6.37,3.64,14.67,Low,Planning
5,7.73,17.75,96.29,16.79,83.94,0.87,96,0,0,0,4,1,0.53,77.85,2.77,4.04,19.20,Low,Planning
9,39.97,24.87,233.19,15.47,139.23,0.60,155,2,0,4,2,1,0.59,71.50,2.74,3.32,17.22,High,On Hold
8,64.18,35.55,264.59,21.83,174.62,0.66,137,2,3,1,1,1,0.52,63.36,6.80,3.51,17.12,Low,In Progress
9,25.10,14.24,143.90,8.31,74.79,0.52,127,2,1,2,3,1,0.56,99.98,6.47,3.11,14.11,Critical,Delayed
7,46.05,37.24,255.43,27.91,195.36,0.76,126,3,0,3,1,0,0.75,80.83,7.28,3.44,18.00,High,On Hold
13,41.76,35.89,464.44,26.46,343.95,0.74,83,3,2,5,2,1,0.52,77.91,3.25,4.32,6.38,Medium,On Hold
12,97.06,35.48,433.49,33.74,404.93,0.93,89,8,1,1,1,1,0.72,51.81,8.65,4.21,7.42,Medium,Completed
8,11.22,16.84,146.41,11.62,92.97,0.63,30,1,1,0,5,1,0.60,75.17,9.37,4.26,3.75,High,Planning
11,39.73,33.18,347.27,24.81,272.94,0.79,58,2,2,5,2,0,0.79,83.28,8.10,4.09,5.27,High,On Hold
13,15.52,34.75,437.69,27.19,353.48,0.81,93,1,2,1,8,1,0.74,68.77,4.64,3.59,7.15,Low,Planning
6,33.77,26.91,181.02,17.94,107.65,0.59,119,1,0,4,1,0,0.57,83.55,6.43,3.16,19.83,Critical,On Hold
13,69.65,14.04,182.79,11.39,148.06,0.81,134,4,5,1,2,1,0.51,75.77,4.15,3.44,10.31,Medium,In Progress
12,33.31,31.88,362.92,14.90,178.84,0.49,180,2,3,3,3,1,0.45,92.61,7.61,3.06,15.00,High,Delayed
13,11.67,21.36,286.89,17.27,224.55,0.78,30,1,2,1,8,1,0.78,61.20,8.65,4.50,2.31,High,Planning
10,18.72,16.99,176.66,11.40,113.98,0.65,62,1,1,1,6,1,0.75,81.19,7.94,4.32,6.20,High,Planning
10,97.97,15.85,156.43,15.79,157.88,1.01,46,6,1,1,1,1,0.94,54.74,7.09,4.09,4.60,Medium,Completed
5,97.62,29.79,143.88,28.12,140.58,0.98,47,5,0,0,0,0,0.89,62.22,6.43,4.33,9.40,High,Completed
7,11.16,9.80,49.57,5.69,39.80,0.80,105,1,2,2,1,1,0.41,84.26,7.80,3.46,15.00,Critical,Delayed
5,37.08,18.23,94.81,11.46,57.31,0.60,135,1,0,3,1,0,0.74,80.20,2.71,3.17,27.00,Critical,On Hold
13,15.90,24.01,306.45,17.07,221.93,0.72,109,1,2,1,8,1,0.75,70.38,7.88,3.26,8.38,Low,Planning
12,98.01,31.98,402.32,29.49,353.83,0.88,52,8,1,1,1,1,0.74,64.49,6.00,4.74,4.33,Low,Completed
7,47.17,13.42,98.78,11.91,83.39,0.84,73,2,3,1,1,0,0.76,66.42,6.34,4.40,10.43,High,In Progress
7,26.12,19.01,124.14,15.18,106.26,0.86,167,0,2,2,2,1,0.41,80.98,1.28,3.33,23.86,High,Delayed
7,7.17,19.74,127.64,15.37,107.61,0.84,66,1,2,0,4,0,0.71,63.55,6.76,3.08,9.43,Low,Planning
5,21.64,8.17,50.79,7.85,39.27,0.77,89,1,0,3,1,0,0.63,77.69,5.16,4.21,17.80,High,On Hold
12,24.88,37.27,435.56,32.28,387.34,0.89,63,3,2,4,2,1,0.70,63.34,8.25,4.48,5.25,High,On Hold
7,49.75,9.49,46.95,9.19,64.31,1.30,80,3,3,0,1,0,0.71,63.20,4.83,3.37,11.43,Low,In Progress
10,34.56,10.59,108.99,8.20,82.02,0.75,146,1,3,3,2,1,0.46,95.76,8.56,3.47,14.60,Critical,Delayed
10,32.43,15.35,163.52,10.01,100.14,0.61,135,2,3,2,2,1,0.46,89.11,1.28,3.82,13.50,Critical,Delayed
12,94.13,20.54,237.06,24.37,292.46,1.23,71,8,1,1,1,1,0.88,50.02,9.43,4.16,5.92,Low,Completed
5,15.79,39.56,190.42,25.56,127.81,0.67,60,0,0,0,4,1,0.76,66.42,1.19,3.33,12.00,Low,Planning
6,48.22,22.70,130.72,18.95,113.70,0.87,51,2,0,3,1,0,0.77,74.17,4.19,3.57,8.50,Critical,On Hold
10,11.20,21.98,215.49,16.75,167.50,0.78,113,1,1,1,6,1,0.56,81.91,2.42,3.68,11.30,Medium,Planning
5,15.20,26.19,128.51,16.42,82.08,0.64,31,1,0,0,4,0,0.75,65.71,8.80,3.05,6.20,High,Planning
14,71.46,21.48,297.08,14.87,208.22,0.70,149,4,5,2,2,1,0.62,67.25,1.13,3.86,10.64,High,In Progress
14,46.76,27.19,391.73,24.46,342.47,0.87,89,3,2,6,2,1,0.66,73.59,6.88,3.58,6.36,Critical,On Hold
8,8.15,24.40,197.79,19.47,155.72,0.79,64,1,2,1,4,0,0.62,67.92,4.60,3.23,8.00,Medium,Planning
11,46.55,36.69,422.88,27.87,306.57,0.72,70,2,1,5,2,1,0.67,65.53,3.42,4.20,6.36,High,On Hold
7,90.78,33.95,221.19,38.77,271.36,1.23,85,5,0,0,1,1,0.83,51.23,1.02,4.24,12.14,Medium,Completed
12,54.42,21.96,282.40,13.51,162.07,0.57,95,4,4,1,2,1,0.69,62.65,6.66,3.14,7.92,Medium,In Progress
8,98.98,16.40,116.08,17.27,138.15,1.19,58,5,0,1,1,1,0.92,51.21,6.07,4.65,7.25,Low,Completed
5,18.98,36.94,203.45,36.82,184.10,0.90,103,1,0,0,4,0,0.58,83.76,1.57,3.90,20.60,Low,Planning
8,54.45,39.99,309.70,36.21,289.64,0.94,144,2,4,0,2,0,0.54,71.71,6.38,3.05,18.00,Medium,In Progress
10,97.68,15.49,138.26,15.14,151.44,1.10,32,6,1,1,1,1,0.83,53.84,9.30,4.76,3.20,Medium,Completed
11,70.17,15.03,162.89,13.72,150.92,0.93,107,3,3,2,2,1,0.59,76.49,2.23,4.03,9.73,Critical,In Progress
7,53.77,11.74,73.09,8.03,56.18,0.77,112,2,4,0,1,0,0.71,78.39,3.73,3.52,16.00,Critical,In Progress
12,23.05,34.86,416.26,22.82,273.87,0.66,124,2,2,4,3,1,0.42,86.01,8.23,2.91,10.33,High,Delayed
6,95.43,34.94,221.68,35.75,214.48,0.97,81,4,1,0,1,0,0.75,50.27,7.99,4.82,13.50,Low,Completed
7,53.14,15.86,95.39,14.56,101.89,1.07,47,2,3,1,1,0,0.76,68.66,9.76,4.47,6.71,Medium,In Progress
7,53.14,30.56,211.97,19.57,136.98,0.65,91,2,4,0,1,0,0.64,77.77,4.95,3.17,13.00,Low,In Progress
5,36.55,19.47,84.67,16.69,83.43,0.99,135,1,0,3,1,0,0.69,66.43,9.54,3.25,27.00,Medium,On Hold
14,70.00,12.16,178.81,7.63,106.83,0.60,107,4,5,2,2,1,0.57,75.24,6.27,3.55,7.64,High,In Progress
11,5.78,22.33,246.90,17.11,188.26,0.76,99,1,2,1,6,1,0.77,81.57,4.99,3.88,9.00,High,Planning
13,56.58,26.71,359.91,26.59,345.63,0.96,58,3,5,2,2,1,0.79,82.77,9.66,3.64,4.46,Medium,In Progress
15,54.38,29.23,434.74,20.82,312.23,0.72,83,4,6,2,2,1,0.75,74.87,8.15,4.48,5.53,High,In Progress
11,13.51,16.39,193.89,10.05,110.53,0.57,38,1,2,1,6,1,0.67,71.88,8.12,3.20,3.45,Low,Planning
13,17.59,28.64,367.22,22.35,290.50,0.79,159,2,3,5,2,1,0.58,86.42,3.27,3.30,12.23,High,Delayed
12,95.97,23.99,302.62,22.50,269.94,0.89,75,8,1,1,1,1,0.94,53.17,4.79,4.48,6.25,Low,Completed
11,93.93,28.83,305.06,28.02,308.26,1.01,84,7,1,1,1,1,0.77,55.90,7.57,4.04,7.64,Low,Completed
11,35.60,17.24,175.63,12.01,132.08,0.75,110,3,0,6,1,1,0.61,81.83,4.55,3.50,10.00,High,On Hold
6,62.32,19.22,125.65,16.01,96.07,0.76,76,2,3,0,1,0,0.52,64.78,4.67,4.41,12.67,Medium,In Progress
9,42.82,22.96,221.66,21.23,191.03,0.86,56,3,1,3,2,0,0.50,73.95,4.42,3.76,6.22,Critical,On Hold
6,88.49,31.47,203.66,30.14,180.84,0.89,36,5,0,0,1,0,0.79,54.21,6.23,4.98,6.00,Medium,Completed
7,92.67,24.86,166.96,23.20,162.39,0.97,61,5,0,1,1,0,0.88,69.82,6.66,4.15,8.71,Medium,Completed
6,93.27,22.50,142.40,22.68,136.10,0.96,66,5,1,0,0,0,0.93,69.95,9.29,4.98,11.00,Low,Completed
8,22.44,39.39,319.69,28.26,226.09,0.71,145,2,2,2,2,0,0.44,98.03,1.31,2.98,18.12,Critical,Delayed
9,49.01,30.27,266.16,19.47,175.24,0.66,115,3,3,0,2,1,0.77,76.23,2.47,3.05,12.78,Medium,In Progress
5,24.69,18.74,112.73,14.04,70.21,0.62,95,0,2,2,1,0,0.55,88.83,1.16,2.61,19.00,Critical,Delayed
15,69.86,34.57,536.74,30.39,455.92,0.85,94,4,6,2,2,1,0.74,66.48,7.38,3.32,6.27,Medium,In Progress
10,14.08,27.73,296.70,23.73,237.34,0.80,87,0,0,1,8,1,0.62,67.47,8.80,4.12,8.70,High,Planning
8,31.61,10.08,93.65,4.54,36.32,0.39,110,2,2,3,1,0,0.44,94.89,6.58,3.70,13.75,Critical,Delayed
7,68.55,22.80,177.23,18.11,126.80,0.72,129,2,3,0,1,1,0.75,73.86,2.62,3.70,18.43,Critical,In Progress
10,25.92,34.56,327.58,32.52,325.21,0.99,130,2,1,4,2,1,0.60,67.05,5.78,3.08,13.00,High,On Hold
12,27.23,27.79,317.97,12.85,154.23,0.49,141,2,3,4,2,1,0.48,90.76,5.22,2.94,11.75,Critical,Delayed
13,66.09,35.28,448.97,28.11,365.37,0.81,88,4,5,2,1,1,0.59,71.76,9.61,4.15,6.77,Critical,In Progress
7,17.11,10.07,73.56,7.48,52.36,0.71,53,1,0,1,5,0,0.61,67.93,8.65,4.27,7.57,Low,Planning
8,10.25,8.05,65.34,5.94,47.51,0.73,73,1,1,1,4,1,0.64,63.34,1.43,4.16,9.12,Medium,Planning
12,88.76,15.30,164.04,14.37,172.40,1.05,65,8,1,1,1,1,0.87,50.04,8.84,4.03,5.42,Medium,Completed
9,9.05,18.68,177.25,16.21,145.89,0.82,108,1,2,1,4,1,0.56,76.35,4.75,3.27,12.00,Medium,Planning
13,70.30,38.24,482.78,32.78,426.09,0.88,79,4,6,0,2,1,0.56,78.57,7.17,4.14,6.08,High,In Progress
9,11.39,17.44,137.55,8.51,76.59,0.56,107,0,1,5,2,1,0.32,98.16,7.49,3.52,11.89,Critical,Delayed
15,49.10,37.69,582.63,33.48,502.15,0.86,88,4,6,2,2,1,0.73,60.45,9.41,3.13,5.87,Low,In Progress
5,11.40,38.03,177.61,37.70,188.50,1.06,97,0,0,0,4,1,0.54,60.56,8.82,3.83,19.40,Medium,Planning
15,58.56,37.31,551.17,25.15,377.32,0.68,94,4,6,2,2,1,0.76,61.21,2.34,3.62,6.27,High,In Progress
7,12.69,22.47,154.30,10.40,72.79,0.47,95,1,1,2,2,1,0.45,93.95,5.77,3.09,13.57,Critical,Delayed
14,67.02,18.36,242.56,17.54,245.54,1.01,128,4,5,2,2,1,0.70,80.42,2.15,4.29,9.14,High,In Progress
8,90.00,20.42,147.19,23.98,191.84,1.30,74,5,1,1,1,0,0.72,54.18,9.94,4.56,9.25,Low,Completed
8,96.09,13.46,123.55,14.76,118.08,0.96,85,6,0,1,1,0,0.77,51.98,5.39,4.31,10.62,Low,Completed
8,87.42,16.98,155.83,16.65,133.20,0.85,82,5,1,1,1,0,0.79,51.54,3.43,4.77,10.25,Medium,Completed
12,93.42,29.46,367.46,26.60,319.22,0.87,33,8,1,1,1,1,0.86,50.22,9.35,4.07,2.75,Low,Completed
5,87.17,8.04,40.10,9.06,45.28,1.13,59,4,0,1,0,0,0.81,60.20,7.19,4.25,11.80,Medium,Completed
8,98.42,26.29,226.45,26.77,214.20,0.95,67,7,0,0,0,1,0.72,50.37,2.45,5.00,8.38,Low,Completed
14,51.64,16.31,225.53,12.83,179.65,0.80,150,4,5,2,2,1,0.51,70.23,3.60,4.21,10.71,Low,In Progress
6,88.86,36.39,212.65,36.88,221.29,1.04,61,4,0,1,1,0,0.77,63.40,5.04,4.44,10.17,Low,Completed
14,13.89,19.89,276.37,12.23,171.19,0.62,179,2,3,5,3,1,0.56,88.67,4.71,2.55,12.79,Critical,Delayed
12,13.19,33.94,425.21,22.21,266.54,0.63,33,1,2,1,7,1,0.51,64.26,5.50,3.89,2.75,Low,Planning
8,56.84,8.30,78.69,5.56,44.50,0.57,59,2,3,1,1,1,0.71,70.41,6.84,3.46,7.38,High,In Progress
6,60.57,21.70,136.51,15.31,91.84,0.67,72,2,3,0,1,0,0.68,84.07,6.31,3.71,12.00,High,In Progress
8,97.09,15.59,115.24,16.39,131.14,1.14,56,5,1,1,1,0,0.87,55.37,6.74,4.51,7.00,Medium,Completed
12,91.94,10.04,101.79,9.82,117.82,1.16,77,8,1,1,1,1,0.78,68.84,2.98,4.39,6.42,Medium,Completed
8,95.41,14.84,125.01,15.25,121.97,0.98,56,6,0,1,0,1,0.76,61.35,4.47,4.98,7.00,Low,Completed
5,88.95,10.87,58.00,11.74,58.71,1.01,52,4,0,1,0,0,0.76,68.35,1.28,4.62,10.40,Medium,Completed
9,19.03,14.29,118.64,6.71,60.36,0.51,180,1,2,4,2,0,0.36,87.70,7.66,3.13,20.00,High,Delayed
10,88.65,13.26,144.77,15.09,150.85,1.04,42,6,1,1,1,1,0.83,72.69,8.62,4.49,4.20,Low,Completed
12,89.47,32.73,386.34,30.86,370.37,0.96,81,8,1,1,1,1,0.74,60.90,5.07,4.02,6.75,Low,Completed
11,89.53,9.85,93.97,10.98,120.80,1.29,81,7,1,1,1,1,0.71,62.51,5.35,4.16,7.36,Medium,Completed
13,63.16,32.57,405.05,21.14,274.88,0.68,89,2,6,2,2,1,0.53,60.91,6.58,3.44,6.85,Medium,In Progress
11,86.91,39.77,422.55,36.66,403.22,0.95,83,7,1,1,1,1,0.80,59.64,5.81,4.84,7.55,Low,Completed
7,29.58,38.19,249.03,22.96,160.74,0.65,119,0,2,3,2,0,0.41,85.98,6.04,2.51,17.00,Critical,Delayed
9,72.60,24.38,239.15,21.00,188.97,0.79,54,2,4,1,1,1,0.64,60.72,7.21,3.72,6.00,Medium,In Progress
11,38.47,22.54,237.44,21.05,231.58,0.98,95,2,1,5,2,1,0.50,77.38,4.76,3.85,8.64,Critical,On Hold
11,87.15,29.49,304.55,34.72,381.91,1.25,88,7,1,1,1,1,0.90,72.87,2.53,4.82,8.00,High,Completed
13,31.86,30.34,386.86,19.41,252.37,0.65,117,3,1,6,2,1,0.55,81.22,3.68,3.90,9.00,Critical,On Hold
13,63.80,37.20,494.86,33.56,436.32,0.88,92,4,4,2,2,1,0.69,75.72,5.98,4.48,7.08,Low,In Progress
12,97.07,34.53,412.16,36.99,443.93,1.08,77,8,1,1,1,1,0.91,66.32,5.52,4.72,6.42,Low,Completed
10,14.65,15.28,139.63,13.25,132.46,0.95,79,1,1,1,6,1,0.53,82.34,4.50,3.47,7.90,Low,Planning
13,13.35,35.65,474.66,34.66,450.57,0.95,57,1,2,1,8,1,0.58,69.96,2.53,4.14,4.38,Medium,Planning
9,87.69,35.25,321.60,40.74,366.70,1.14,89,5,1,1,1,1,0.86,66.36,9.59,4.78,9.89,Medium,Completed
13,27.18,16.49,201.10,11.17,145.24,0.72,175,2,2,5,3,1,0.41,85.25,7.84,3.66,13.46,Critical,Delayed
7,40.39,34.18,242.74,23.95,167.67,0.69,100,1,0,3,2,1,0.67,75.62,1.87,4.43,14.29,Critical,On Hold
12,30.22,16.03,199.89,15.08,180.93,0.91,119,3,2,4,2,1,0.59,74.46,5.48,3.87,9.92,High,On Hold
10,85.54,10.88,119.66,11.81,118.09,0.99,59,8,1,1,0,0,0.86,56.81,8.84,4.48,5.90,Low,Completed
6,90.96,24.24,157.78,24.50,146.98,0.93,77,5,0,1,0,0,0.79,67.76,4.28,4.83,12.83,Low,Completed
6,34.40,28.29,189.13,12.88,77.29,0.41,110,1,1,2,1,1,0.38,89.12,1.27,3.10,18.33,Critical,Delayed
9,62.27,17.85,145.09,16.70,150.33,1.04,84,2,6,0,1,0,0.79,81.48,3.06,3.33,9.33,Medium,In Progress
12,71.60,16.84,219.24,12.56,150.68,0.69,107,2,5,2,2,1,0.73,70.57,5.65,3.55,8.92,Low,In Progress
11,25.63,18.59,214.64,9.88,108.71,0.51,94,2,3,3,2,1,0.56,96.05,1.37,3.07,8.55,Critical,Delayed
10,68.15,17.25,155.91,16.81,168.08,1.08,112,3,4,0,2,1,0.66,63.95,2.12,3.28,11.20,Medium,In Progress
12,33.83,16.50,206.17,15.20,182.37,0.88,96,3,2,5,1,1,0.60,71.89,6.43,4.48,8.00,Medium,On Hold
8,95.07,29.04,248.11,29.56,236.46,0.95,42,5,1,1,1,0,0.85,67.23,9.45,4.25,5.25,Low,Completed
11,23.35,18.33,200.91,11.86,130.46,0.65,149,1,3,3,3,1,0.48,80.63,2.53,3.45,13.55,Critical,Delayed
13,25.07,13.93,186.48,12.92,167.95,0.90,117,3,2,5,2,1,0.54,83.32,6.44,3.99,9.00,Critical,On Hold
13,9.06,23.89,301.64,19.45,252.79,0.84,101,1,2,1,8,1,0.59,66.77,8.70,3.05,7.77,Low,Planning
10,57.88,26.89,286.29,16.23,162.26,0.57,47,3,4,1,2,0,0.62,62.85,7.09,4.05,4.70,Low,In Progress
8,45.47,17.95,162.94,16.74,133.91,0.82,48,3,3,0,1,1,0.78,80.24,8.53,3.14,6.00,Low,In Progress
8,92.17,38.26,303.80,41.31,330.50,1.09,77,5,1,1,1,0,0.80,54.05,7.31,4.93,9.62,Low,Completed
11,61.11,8.12,94.58,6.81,74.91,0.79,146,4,5,0,1,1,0.77,81.16,2.15,3.14,13.27,High,In Progress
6,57.08,17.32,116.86,13.52,81.14,0.69,87,2,3,0,1,0,0.77,69.60,7.63,3.71,14.50,Medium,In Progress
8,90.80,8.60,52.85,9.02,72.20,1.30,50,4,1,1,1,1,0.70,71.03,5.62,4.14,6.25,Low,Completed
9,29.27,20.86,196.41,15.66,140.92,0.72,118,1,2,3,2,1,0.40,84.84,2.52,3.66,13.11,Critical,Delayed
11,17.95,9.43,95.61,4.83,53.13,0.56,153,1,2,5,2,1,0.37,93.55,7.83,2.84,13.91,Critical,Delayed
12,96.42,10.55,123.36,12.48,149.80,1.21,77,8,1,1,1,1,0.93,71.02,6.79,4.61,6.42,Low,Completed
8,25.75,22.95,186.57,13.27,106.12,0.57,146,1,3,2,1,1,0.31,90.82,1.80,2.54,18.25,High,Delayed
9,89.92,32.50,292.24,37.84,340.52,1.17,36,5,1,1,1,1,0.77,58.75,7.37,4.37,4.00,Low,Completed
9,20.72,16.00,148.61,9.59,86.31,0.58,94,1,1,5,1,1,0.35,98.85,7.80,2.81,10.44,Critical,Delayed
12,91.45,31.11,360.25,33.50,402.05,1.12,35,8,1,1,1,1,0.87,63.54,8.59,4.76,2.92,Low,Completed
8,8.02,35.40,267.70,26.16,209.32,0.78,84,1,2,0,5,0,0.52,79.70,8.52,3.24,10.50,High,Planning
6,50.82,14.04,68.75,11.49,68.94,1.00,129,2,3,0,1,0,0.59,72.63,5.78,4.21,21.50,Low,In Progress
12,45.36,28.93,364.01,18.01,216.14,0.59,107,2,5,2,2,1,0.59,74.45,4.38,3.80,8.92,Low,In Progress
12,28.59,26.56,327.52,16.94,203.26,0.62,135,3,2,4,2,1,0.73,73.49,2.16,3.79,11.25,High,On Hold
8,47.88,25.92,199.37,17.28,138.26,0.69,130,2,3,2,1,0,0.59,61.36,6.37,3.13,16.25,Low,In Progress
8,86.98,22.97,166.59,24.79,198.36,1.19,45,6,1,0,1,0,0.91,50.20,2.92,4.62,5.62,Low,Completed
14,53.92,37.59,520.42,32.50,455.03,0.87,98,4,5,2,2,1,0.59,78.14,3.07,3.00,7.00,Low,In Progress
11,68.78,39.06,438.28,28.48,313.33,0.71,96,3,4,1,2,1,0.77,67.08,4.94,3.53,8.73,Medium,In Progress
14,44.40,29.18,406.41,22.72,318.06,0.78,139,3,2,6,2,1,0.79,83.14,9.18,3.77,9.93,High,On Hold
11,71.41,18.11,202.92,15.54,170.92,0.84,51,3,4,1,2,1,0.58,62.65,2.01,3.44,4.64,High,In Progress
9,92.02,8.09,70.08,8.50,76.49,1.09,65,6,1,1,0,1,0.71,58.71,2.61,4.65,7.22,Low,Completed
11,14.49,38.42,441.80,23.75,261.24,0.59,127,1,3,4,2,1,0.31,80.79,6.29,2.59,11.55,Medium,Delayed
6,15.44,15.00,79.72,9.85,59.12,0.74,170,2,1,2,1,0,0.38,89.81,9.69,3.75,28.33,Critical,Delayed
15,70.34,31.34,488.68,20.76,311.35,0.64,73,4,6,2,2,1,0.63,71.02,6.71,4.16,4.87,Medium,In Progress
8,46.32,14.73,109.47,13.47,107.80,0.98,126,2,3,1,1,1,0.62,70.41,5.06,4.24,15.75,Medium,In Progress
5,30.67,18.81,86.47,14.54,72.72,0.84,94,0,1,3,1,0,0.33,90.10,7.27,3.38,18.80,High,Delayed
12,12.34,18.89,231.50,18.07,216.78,0.94,69,1,2,1,7,1,0.59,81.79,2.40,3.31,5.75,Medium,Planning
11,45.43,15.08,156.81,12.35,135.83,0.87,85,3,6,0,2,0,0.55,70.53,1.62,3.77,7.73,High,In Progress
12,90.26,15.19,191.34,16.90,202.75,1.06,52,8,1,1,1,1,0.82,58.58,3.18,4.40,4.33,Low,Completed
11,95.32,34.49,360.30,33.56,369.21,1.02,68,8,1,1,0,1,0.87,56.16,9.13,4.10,6.18,High,Completed
5,90.92,30.01,167.61,33.52,167.58,1.00,68,4,0,0,0,1,0.77,61.77,9.26,4.39,13.60,Low,Completed
7,89.13,20.34,128.68,22.54,157.80,1.23,44,5,0,1,0,1,0.93,56.89,8.21,4.92,6.29,Medium,Completed
12,96.66,12.23,141.81,13.47,161.67,1.14,85,8,1,1,1,1,0.95,57.95,5.79,4.51,7.08,High,Completed
12,92.84,36.87,459.11,43.47,521.70,1.14,35,8,1,1,1,1,0.76,56.56,1.35,4.31,2.92,Medium,Completed
5,19.70,20.57,105.94,12.46,62.32,0.59,172,0,1,2,2,0,0.35,87.96,6.22,3.92,34.40,Critical,Delayed
11,91.47,18.02,210.98,19.21,211.30,1.00,55,7,1,1,1,1,0.80,56.41,1.09,4.27,5.00,Low,Completed
7,16.15,32.55,216.12,31.25,218.76,1.01,97,0,1,1,4,1,0.66,80.23,8.03,3.32,13.86,Medium,Planning
7,92.00,13.52,74.77,14.00,98.00,1.30,39,5,1,1,0,0,0.74,55.45,6.83,4.42,5.57,Low,Completed
7,66.55,8.56,69.26,5.39,37.71,0.54,69,2,3,0,1,1,0.73,71.56,7.43,4.10,9.86,Medium,In Progress
14,27.16,18.03,266.03,10.31,144.27,0.54,169,2,3,5,3,1,0.31,86.24,6.74,2.51,12.07,Critical,Delayed
13,10.12,28.56,388.49,26.75,347.70,0.90,33,1,2,1,8,1,0.73,74.38,9.87,3.37,2.54,Low,Planning
5,94.20,26.42,149.09,24.94,124.70,0.84,41,5,0,0,0,0,0.88,58.89,8.38,4.04,8.20,Medium,Completed
11,16.42,21.48,248.08,12.59,138.47,0.56,129,2,3,5,1,0,0.31,88.21,1.96,3.86,11.73,Critical,Delayed
8,5.30,29.08,238.55,17.83,142.68,0.60,30,1,0,1,5,1,0.58,72.94,1.13,3.40,3.75,Medium,Planning
10,6.96,12.35,112.94,11.24,112.41,1.00,53,1,2,1,5,1,0.70,74.00,8.11,4.11,5.30,Medium,Planning
8,28.80,11.62,106.09,8.14,65.14,0.61,76,2,1,4,1,0,0.76,79.12,1.20,3.75,9.50,High,On Hold
14,20.23,23.22,326.58,16.45,230.33,0.71,91,2,3,5,3,1,0.57,83.25,9.96,2.68,6.50,Critical,Delayed
5,90.72,31.35,169.19,36.29,181.47,1.07,87,5,0,0,0,0,0.91,67.02,8.11,4.82,17.40,Low,Completed
12,73.49,39.13,451.82,32.46,389.57,0.86,91,4,4,2,2,0,0.76,72.08,4.02,3.23,7.58,High,In Progress
13,9.32,8.16,103.20,5.54,72.03,0.70,106,1,2,1,8,1,0.73,65.13,7.41,3.87,8.15,Low,Planning
12,73.08,26.39,329.53,21.77,261.25,0.79,130,4,4,2,2,0,0.52,76.83,9.02,4.21,10.83,Medium,In Progress
12,51.61,31.35,360.18,27.81,333.70,0.93,53,2,6,1,2,1,0.76,78.57,4.73,3.71,4.42,High,In Progress
14,21.79,18.50,275.34,8.12,113.65,0.41,172,2,3,5,3,1,0.34,85.28,9.53,3.05,12.29,Medium,Delayed
9,40.61,25.02,208.86,19.47,175.20,0.84,160,3,2,3,1,0,0.73,67.78,6.11,4.47,17.78,Medium,On Hold
8,85.75,10.65,98.14,11.75,93.96,0.96,41,6,1,1,0,0,0.70,66.53,3.60,4.25,5.12,Low,Completed
10,17.96,37.70,378.20,20.41,204.12,0.54,173,1,3,3,3,0,0.52,96.03,8.13,3.97,17.30,High,Delayed
10,24.20,27.19,259.01,14.18,141.80,0.55,164,2,3,3,1,1,0.55,98.65,7.75,3.76,16.40,Critical,Delayed
7,63.10,20.57,148.61,13.36,93.53,0.63,68,2,3,0,1,1,0.59,82.75,8.83,3.84,9.71,Medium,In Progress
10,94.91,34.20,326.98,39.58,395.79,1.21,53,7,1,1,1,0,0.81,56.26,7.18,4.74,5.30,Low,Completed
12,95.68,9.03,114.08,10.19,122.29,1.07,77,8,1,1,1,1,0.88,64.95,5.41,4.03,6.42,Medium,Completed
13,46.03,8.91,132.24,5.38,69.90,0.53,78,3,6,1,2,1,0.71,66.98,6.21,3.30,6.00,Medium,In Progress
5,32.34,36.09,196.26,23.95,119.77,0.61,172,0,1,3,1,0,0.39,91.25,1.90,3.88,34.40,Critical,Delayed
8,64.28,27.82,211.84,16.70,133.62,0.63,136,2,4,1,1,0,0.77,82.12,7.30,3.70,17.00,High,In Progress
8,95.19,32.81,263.52,32.64,261.14,0.99,54,5,1,1,1,0,0.73,65.21,7.33,4.45,6.75,Low,Completed
9,47.60,36.80,343.90,36.65,329.88,0.96,98,2,4,0,2,1,0.60,63.23,5.71,3.95,10.89,High,In Progress
6,59.91,37.08,203.34,27.41,164.47,0.81,68,2,3,0,1,0,0.51,75.31,7.45,3.63,11.33,Low,In Progress
5,90.36,19.14,95.16,22.84,114.21,1.20,81,4,0,0,1,0,0.85,68.02,3.17,4.17,16.20,High,Completed
6,23.54,18.81,120.97,9.20,55.19,0.46,141,0,1,3,1,1,0.50,92.67,5.16,3.33,23.50,Critical,Delayed
11,85.29,31.90,367.58,37.88,416.73,1.13,57,7,1,1,1,1,0.76,72.27,7.47,4.07,5.18,Medium,Completed
12,91.44,21.91,250.99,20.43,245.15,0.98,84,8,1,1,1,1,0.71,50.36,2.07,4.65,7.00,Low,Completed
12,17.82,28.00,347.16,25.58,306.93,0.88,56,1,2,1,7,1,0.75,72.01,2.60,3.72,4.67,Low,Planning
12,19.79,22.57,283.28,16.50,198.06,0.70,172,2,3,3,3,1,0.57,82.51,4.77,3.02,14.33,Critical,Delayed
10,42.88,23.22,229.17,21.92,219.23,0.96,64,3,2,4,1,0,0.63,75.67,7.55,4.02,6.40,Critical,On Hold
5,13.41,12.72,47.47,5.16,25.78,0.54,178,0,1,2,2,0,0.49,86.02,1.17,3.83,35.60,Critical,Delayed
8,25.16,29.35,224.59,26.02,208.18,0.93,92,3,0,3,1,1,0.59,68.04,2.44,3.31,11.50,Critical,On Hold
11,43.52,29.79,343.58,28.49,313.38,0.91,111,3,0,5,2,1,0.69,67.88,5.88,3.14,10.09,Critical,On Hold
8,66.20,36.00,302.75,30.69,245.51,0.81,46,2,3,0,2,1,0.74,64.84,3.36,3.77,5.75,Medium,In Progress
8,53.24,10.68,79.35,8.20,65.61,0.83,69,3,3,0,2,0,0.66,65.35,5.28,3.48,8.62,Medium,In Progress
13,26.66,16.09,190.83,9.03,117.40,0.62,149,2,3,5,2,1,0.37,97.89,2.66,2.82,11.46,Critical,Delayed
11,30.33,23.07,249.74,12.09,133.02,0.53,151,2,1,4,3,1,0.48,95.58,7.47,3.25,13.73,Critical,Delayed
8,18.88,33.61,272.30,33.57,268.58,0.99,84,1,2,1,4,0,0.75,62.72,1.97,3.64,10.50,Low,Planning
10,24.63,23.49,254.02,22.31,223.06,0.88,77,1,1,6,1,1,0.58,78.46,8.25,3.42,7.70,High,On Hold
6,9.64,8.11,30.55,4.88,29.30,0.96,42,0,1,0,4,1,0.79,67.03,9.58,3.08,7.00,Medium,Planning
7,88.55,30.58,201.69,32.59,228.15,1.13,78,5,1,0,0,1,0.81,69.66,9.76,4.06,11.14,Medium,Completed
13,27.50,18.68,224.30,12.30,159.94,0.71,74,3,2,5,2,1,0.63,68.76,8.73,3.19,5.69,Critical,On Hold
13,17.32,23.60,309.97,20.67,268.70,0.87,107,1,2,1,8,1,0.63,61.81,8.08,3.57,8.23,Low,Planning
8,90.13,20.26,155.28,20.96,167.65,1.08,57,4,1,1,1,1,0.85,65.16,4.29,4.90,7.12,Low,Completed
11,96.04,9.70,96.39,11.04,121.45,1.26,31,7,1,1,1,1,0.88,56.36,8.76,4.89,2.82,Low,Completed
9,48.47,36.36,328.94,31.22,280.99,0.85,121,2,0,4,2,1,0.75,68.33,4.60,3.63,13.44,Critical,On Hold
13,63.31,20.65,281.20,17.08,222.08,0.79,87,4,5,1,2,1,0.55,79.84,8.07,3.36,6.69,Medium,In Progress
12,34.39,21.38,258.99,14.43,173.20,0.67,87,3,2,4,2,1,0.72,65.13,3.64,3.52,7.25,Critical,On Hold
11,95.27,28.54,312.78,33.46,368.01,1.18,43,7,1,1,1,1,0.80,60.82,2.30,4.82,3.91,High,Completed
10,45.05,9.54,75.49,8.02,80.18,1.06,100,3,1,5,1,0,0.77,80.36,5.13,3.38,10.00,High,On Hold
5,85.24,24.77,124.04,26.19,130.97,1.06,38,4,0,0,0,1,0.83,67.40,9.48,4.18,7.60,Low,Completed
7,91.46,27.94,209.21,30.87,216.08,1.03,80,4,1,1,1,0,0.93,58.17,5.49,4.96,11.43,Medium,Completed
5,96.88,16.07,76.96,14.86,74.32,0.97,78,4,0,1,0,0,0.70,73.43,6.65,4.32,15.60,Low,Completed
8,37.70,12.41,103.75,8.27,66.17,0.64,147,2,0,3,2,1,0.59,60.88,1.34,3.04,18.38,Critical,On Hold
12,69.24,24.41,301.47,17.32,207.82,0.69,99,4,4,1,2,1,0.55,77.46,8.02,3.50,8.25,Medium,In Progress
14,70.94,35.95,500.65,27.51,385.12,0.77,126,4,6,1,2,1,0.63,77.85,8.81,3.06,9.00,High,In Progress
12,12.61,8.10,115.60,5.16,61.91,0.54,149,2,3,3,3,1,0.48,94.76,7.91,3.86,12.42,Critical,Delayed
9,14.74,21.93,193.47,18.21,163.89,0.85,120,1,2,1,4,1,0.52,69.45,7.39,3.03,13.33,Medium,Planning
6,27.63,14.09,102.19,8.57,51.45,0.50,130,0,1,3,2,0,0.56,88.68,9.36,3.39,21.67,Critical,Delayed
10,44.71,22.38,229.88,21.09,210.89,0.92,119,2,2,3,2,1,0.62,84.77,5.25,3.83,11.90,Critical,On Hold
15,57.27,36.09,540.63,29.78,446.75,0.83,145,4,6,2,2,1,0.58,81.49,7.30,3.82,9.67,High,In Progress
6,32.78,26.04,144.68,20.30,121.80,0.84,154,0,2,2,2,0,0.42,84.15,6.84,3.81,25.67,High,Delayed
12,51.37,19.14,225.32,15.40,184.83,0.82,132,4,3,2,2,1,0.77,83.33,5.48,3.01,11.00,Medium,In Progress
12,28.88,20.97,243.76,14.11,169.31,0.69,143,1,3,4,3,1,0.53,85.31,6.15,3.84,11.92,Critical,Delayed
14,45.33,39.76,563.86,38.76,542.58,0.96,123,3,2,6,2,1,0.67,69.56,9.41,3.65,8.79,Critical,On Hold
15,45.10,24.40,374.47,18.76,281.47,0.75,115,4,6,2,2,1,0.57,77.61,1.89,4.36,7.67,Medium,In Progress
9,98.31,32.70,309.28,35.45,319.07,1.03,68,5,1,1,1,1,0.85,50.37,4.18,4.14,7.56,High,Completed
10,19.52,12.10,110.03,11.19,111.90,1.02,85,1,2,0,7,0,0.64,78.18,4.34,3.28,8.50,Low,Planning
5,28.20,39.43,180.98,25.06,125.31,0.69,123,1,1,2,1,0,0.33,93.19,3.85,3.62,24.60,Critical,Delayed
14,53.04,29.72,405.34,23.88,334.37,0.82,118,3,6,2,2,1,0.76,64.14,7.58,3.79,8.43,Critical,In Progress
11,12.30,27.54,297.47,18.83,207.18,0.70,53,1,2,1,6,1,0.57,64.88,2.49,4.17,4.82,Low,Planning
13,61.73,24.50,308.91,21.78,283.12,0.92,118,3,5,2,2,1,0.70,63.85,6.82,3.27,9.08,Low,In Progress
9,93.83,39.26,362.92,38.30,344.73,0.95,89,7,1,0,0,1,0.85,58.84,5.34,4.60,9.89,Low,Completed
10,11.64,8.19,73.90,7.36,73.64,1.00,106,1,0,1,7,1,0.65,67.80,5.34,3.48,10.60,Low,Planning
11,56.31,30.92,333.85,28.28,311.06,0.93,105,3,5,1,2,0,0.71,76.79,2.77,4.01,9.55,Medium,In Progress
9,14.15,38.15,362.85,16.61,149.52,0.41,101,1,3,2,2,1,0.39,90.79,7.99,2.98,11.22,Critical,Delayed
7,95.11,26.47,200.91,29.39,205.73,1.02,37,4,1,0,1,1,0.87,53.37,4.67,4.11,5.29,Medium,Completed
14,30.90,11.41,178.46,7.75,108.57,0.61,64,3,2,6,2,1,0.58,72.67,9.70,3.86,4.57,Medium,On Hold
10,70.66,33.57,336.61,27.53,275.28,0.82,130,3,4,0,2,1,0.68,82.23,9.44,3.08,13.00,High,In Progress
14,73.49,32.43,454.48,26.68,373.55,0.82,66,4,6,1,2,1,0.60,62.70,5.56,3.13,4.71,Critical,In Progress
7,19.99,24.80,168.37,15.54,108.75,0.65,109,0,1,0,5,1,0.80,78.61,7.66,3.37,15.57,High,Planning
7,26.32,19.99,123.13,15.09,105.61,0.86,129,2,0,3,2,0,0.68,78.90,6.80,3.35,18.43,Critical,On Hold
6,92.44,10.94,79.02,11.03,66.18,0.84,77,5,0,0,0,1,0.78,62.37,2.19,4.96,12.83,Medium,Completed
13,14.50,23.16,297.69,17.07,221.87,0.75,164,2,3,4,3,1,0.43,96.14,3.65,2.88,12.62,Critical,Delayed
8,94.50,27.50,210.96,30.66,245.27,1.16,59,4,1,1,1,1,0.70,62.03,4.73,4.11,7.38,High,Completed
5,28.90,26.47,147.25,25.02,125.11,0.85,104,1,0,3,1,0,0.68,70.52,9.72,3.08,20.80,Critical,On Hold
12,94.52,18.36,238.97,21.55,258.56,1.08,31,8,1,1,1,1,0.71,73.23,3.00,5.00,2.58,Low,Completed
14,64.83,20.91,300.90,17.21,240.92,0.80,144,4,5,2,2,1,0.62,78.60,9.07,4.39,10.29,Medium,In Progress
14,46.51,15.89,229.22,14.24,199.36,0.87,159,3,2,6,2,1,0.60,77.61,3.28,4.14,11.36,Critical,On Hold
12,10.39,29.14,354.23,27.38,328.56,0.93,36,1,2,1,7,1,0.78,77.47,3.31,3.85,3.00,Medium,Planning
5,26.04,24.19,109.85,14.95,74.74,0.68,99,0,2,2,1,0,0.56,93.52,4.21,3.27,19.80,Critical,Delayed
6,47.94,16.12,111.70,15.63,93.77,0.84,78,2,0,3,1,0,0.62,83.83,7.33,3.06,13.00,Medium,On Hold
8,85.22,34.96,278.31,32.44,259.54,0.93,36,6,1,1,0,0,0.77,50.06,4.74,4.73,4.50,Medium,Completed
10,31.05,36.39,354.26,23.61,236.14,0.67,154,1,1,5,2,1,0.71,61.01,4.48,3.61,15.40,High,On Hold
6,89.85,25.26,166.19,23.73,142.41,0.86,87,5,0,0,0,1,0.85,73.43,2.50,4.72,14.50,Medium,Completed
5,12.05,35.56,190.32,14.70,73.50,0.39,114,0,1,2,2,0,0.39,84.49,5.97,3.04,22.80,Medium,Delayed
6,28.22,22.20,145.00,13.44,80.62,0.56,132,1,1,3,1,0,0.54,80.48,9.97,3.49,22.00,High,On Hold
5,86.47,30.99,150.63,36.30,181.52,1.21,63,4,0,0,0,1,0.89,67.22,7.67,4.73,12.60,Low,Completed
11,88.82,30.41,347.52,34.04,374.40,1.08,33,7,1,1,1,1,0.92,69.17,4.26,4.73,3.00,Low,Completed
7,45.82,8.77,77.31,7.09,49.60,0.64,59,1,0,5,1,0,0.79,70.59,2.55,4.22,8.43,Critical,On Hold
9,39.31,19.87,184.24,12.07,108.62,0.59,55,2,0,4,2,1,0.77,72.71,4.69,4.30,6.11,Critical,On Hold
15,45.61,32.54,505.84,22.34,335.11,0.66,122,4,6,2,2,1,0.70,71.73,4.12,4.29,8.13,Low,In Progress
9,42.71,21.30,204.99,15.42,138.79,0.68,60,1,0,5,2,1,0.51,83.98,1.65,3.87,6.67,Medium,On Hold
8,63.67,14.68,116.87,9.31,74.50,0.64,59,3,4,0,1,0,0.56,68.47,6.06,3.89,7.38,Medium,In Progress
10,18.15,36.97,381.57,23.42,234.25,0.61,97,1,2,5,1,1,0.37,90.71,9.27,3.53,9.70,High,Delayed
8,17.55,16.49,145.30,8.75,70.01,0.48,139,1,1,2,3,1,0.45,92.42,8.38,3.64,17.38,Medium,Delayed
9,94.26,37.17,354.43,35.47,319.19,0.90,47,6,0,1,1,1,0.71,70.91,3.24,4.43,5.22,Medium,Completed
12,19.14,30.29,354.32,21.77,261.22,0.74,101,1,1,1,8,1,0.58,71.00,8.16,3.91,8.42,Low,Planning
8,45.58,24.93,214.50,19.57,156.57,0.73,143,2,3,1,1,1,0.65,74.71,4.09,4.00,17.88,Medium,In Progress
10,32.54,35.27,354.86,24.24,242.36,0.68,170,1,3,4,1,1,0.40,99.05,1.22,3.07,17.00,High,Delayed
10,65.23,18.82,178.24,15.76,157.63,0.88,88,3,3,2,1,1,0.56,83.32,3.38,3.22,8.80,Medium,In Progress
11,15.41,27.34,313.36,24.73,271.99,0.87,80,1,2,1,6,1,0.77,75.84,3.00,3.08,7.27,Medium,Planning
6,95.23,15.22,107.50,15.87,95.19,0.89,82,4,1,0,1,0,0.71,50.28,5.12,4.13,13.67,Medium,Completed
6,48.48,19.13,99.41,11.77,70.64,0.71,148,2,3,0,1,0,0.51,61.28,9.59,3.21,24.67,Low,In Progress
10,48.92,38.23,393.53,32.15,321.49,0.82,59,2,4,1,2,1,0.69,79.30,8.75,3.02,5.90,High,In Progress
14,72.71,10.19,155.68,7.18,100.51,0.65,73,4,5,2,2,1,0.60,72.57,5.17,3.24,5.21,High,In Progress
7,90.08,35.23,246.98,39.30,275.11,1.11,40,4,1,1,0,1,0.94,73.66,2.30,4.18,5.71,Medium,Completed
5,5.28,8.14,31.65,6.83,34.15,1.08,101,0,1,0,4,0,0.54,79.55,9.71,3.48,20.20,Low,Planning
6,13.37,19.90,109.15,17.74,106.45,0.98,62,0,0,1,5,0,0.58,63.48,2.97,3.87,10.33,Low,Planning
10,50.98,14.10,156.36,12.46,124.57,0.80,126,3,4,0,2,1,0.63,78.89,6.45,4.03,12.60,Medium,In Progress
12,38.36,19.40,237.36,14.06,168.70,0.71,158,2,1,6,2,1,0.74,66.35,7.87,4.03,13.17,High,On Hold
12,12.59,34.87,422.00,23.60,283.15,0.67,102,1,2,1,7,1,0.62,62.99,4.75,3.11,8.50,Low,Planning
